Workbook

Sheet 00_Tong_quan
I1: ← Mục lục
B2: M I N G O / DỰ ÁN
B4: Tổng quan
B5: Mingo · Adaptive Language Learning & Early Intervention Platform
B8: Phase 1 | E8: =COUNTIFS('02_Cong_viec'!$C$9:$C$204,"P1",'02_Cong_viec'!$F$9:$F$204,"XONG")/COUNTIF('02_Cong_viec'!$C$9:$C$204,"P1") -> 0 | H8: =COUNTIFS('02_Cong_viec'!$F$9:$F$204,"BỊ CHẶN") -> 8
B9: Nền tảng triển khai | E9: Task Phase 1 đã hoàn tất | H9: Task đang bị chặn
B13: Mục tiêu
B14: Xây sản phẩm học ngôn ngữ hoàn chỉnh: học tập → offline → dữ liệu → intelligence → risk → recommendation → staff → production.
B19: Trạng thái Phase 1 | E19: =IF(COUNTIFS('02_Cong_viec'!$C$9:$C$204,"P1",'02_Cong_viec'!$F$9:$F$204,"<>XONG")=0,"XONG","ĐANG LÀM") -> ĐANG LÀM
B20: Gate Phase 1 | E20: =IF(COUNTIFS('02_Cong_viec'!$C$9:$C$204,"P1",'02_Cong_viec'!$F$9:$F$204,"<>XONG")=0,"ĐÃ PASS","CHƯA PASS") -> CHƯA PASS
B21: Phase 2 | E21: =IF(E20="ĐÃ PASS","ĐỦ ĐIỀU KIỆN LẬP PHASE 2","CHƯA ĐƯỢC BẮT ĐẦU CHÍNH THỨC") -> CHƯA ĐƯỢC BẮT ĐẦU CHÍNH THỨC
B22: Phase 0 | E22: XONG — V3.2.0 là baseline chuẩn của Phase 0
B26: Đi tới
B28: Công việc → | E28: Blocker → | H28: Tất cả sheet →

Sheet 01_Muc_luc
B2: M I N G O / ĐIỀU HƯỚNG
B4: Mục lục
B5: Chọn một sheet theo việc bạn đang cần làm.
B8: Thực hiện | E8: Sản phẩm
B10: 02 | C10: Công việc | E10: 08 | F10: Sản phẩm Mingo
B12: 03 | C12: Hành động tiếp theo | E12: 09 | F12: Luồng học
B14: 04 | C14: Nghiệm thu task | E14: 10 | F14: Quy tắc nghiệp vụ
B16: 05 | C16: Blocker | E16: 11 | F16: Nội dung đã chốt
B18: 06 | C18: Roadmap | E18: 12 | F18: Giả thuyết & chính sách
B20: 07 | C20: Checklist Phase 1 | E20: 13 | F20: Baseline V3.2
B24: Vấn đề & kiểm chứng | E24: Bắt đầu & hướng dẫn
B26: 14 | C26: Vấn đề | E26: 00 | F26: Tổng quan
B28: 15 | C28: Xử lý vấn đề | E28: 20 | F28: Cách làm việc
B30: 16 | C30: Đề nghị thay đổi | E30: 21 | F30: Từ điển dự án
B32: 17 | C32: Ghi chú & action
B34: 18 | C34: Bằng chứng
B36: 19 | C36: Phạm vi bằng chứng

Sheet 02_Cong_viec
I1: ← Mục lục
B2: M I N G O / THỰC HIỆN
B4: Công việc
B5: Cập nhật trạng thái, người phụ trách và hạn tại đây.
B8: Task ID | C8: Phase | D8: Công việc | E8: Ưu tiên | F8: Trạng thái | G8: Phụ trách | H8: Hạn | I8: Cập nhật
B9: P1-T001 | C9: P1 | D9: Import V3.2 original vào canonical repo | E9: P0 | F9: ĐANG LÀM | I9: 46292
B10: P1-T002 | C10: P1 | D10: Rerun 115 contract checks | E10: P0 | F10: CHỜ | I10: 46292
B11: P1-T003 | C11: P1 | D11: Rerun 22 SQL checks | E11: P0 | F11: CHỜ | I11: 46292
B12: P1-T004 | C12: P1 | D12: Python 3.12 full backend verification | E12: P0 | F12: CHỜ | I12: 46292
B13: P1-T005 | C13: P1 | D13: Provision/access mingo + mingo_test | E13: P0 | F13: BỊ CHẶN | I13: 46292
B14: P1-T006 | C14: P1 | D14: Migration + six DB tests | E14: P0 | F14: BỊ CHẶN | I14: 46292
B15: P1-T007 | C15: P1 | D15: ready=200 + worker probe | E15: P0 | F15: BỊ CHẶN | I15: 46292
B16: P1-T008 | C16: P1 | D16: Install pinned Flutter 3.32.8 + Android tooling | E16: P0 | F16: BỊ CHẶN | I16: 46292
B17: P1-T009 | C17: P1 | D17: Analyze/test/build + actual Android boot | E17: P0 | F17: BỊ CHẶN | I17: 46292
B18: P1-T010 | C18: P1 | D18: Analyze/test/build + actual Web boot | E18: P0 | F18: BỊ CHẶN | I18: 46292
B19: P1-T011 | C19: P1 | D19: Hosted CI green | E19: P0 | F19: BỊ CHẶN | I19: 46292
B20: P1-T012 | C20: P1 | D20: Full clean reproduction | E20: P0 | F20: BỊ CHẶN | I20: 46292
B21: P2-T001 | C21: P2 | D21: Chỉ lập Phase 2 contract sau khi Phase 1 PASS | E21: P1 | F21: TẠM HOÃN | I21: 46292

Sheet 03_Hanh_dong
F1: ← Mục lục
B2: M I N G O / THỰC HIỆN
B4: Hành động tiếp theo
B5: Chi tiết theo Task ID · trạng thái cập nhật ở Công việc.
B8: Task ID | C8: Nhóm | D8: Phụ thuộc | E8: Việc tiếp theo | F8: Ghi chú
B9: P1-T001 | C9: V3.2 | E9: Giữ byte-exact + provenance | F9: Original package đã tìm thấy.
B10: P1-T002 | C10: V3.2 | D10: P1-T001 | E10: Run exact validator
B11: P1-T003 | C11: V3.2 | D11: P1-T001 | E11: Run exact SQL suite
B12: P1-T004 | C12: Backend | E12: Install/verify Python 3.12 + rerun | F12: 3.14.7 result kept as compatibility evidence only.
B13: P1-T005 | C13: Database | E13: Cần PostgreSQL authenticated role/session | F13: Không lưu password trong workbook.
B14: P1-T006 | C14: Database | D14: P1-T005 | E14: Run migrations + DB suite on mingo_test
B15: P1-T007 | C15: API/Worker | D15: P1-T006 | E15: Boot API/worker và lưu log/HTTP evidence
B16: P1-T008 | C16: Flutter | E16: Install toolchain + flutter doctor
B17: P1-T009 | C17: Flutter learner | D17: P1-T008 | E17: Run trên emulator/device; lưu bằng chứng
B18: P1-T010 | C18: Flutter staff | D18: P1-T008 | E18: Run Chrome; lưu bằng chứng
B19: P1-T011 | C19: CI | E19: Cần hosted Git remote; push main và chạy workflow
B20: P1-T012 | C20: QA | D20: P1-T001..P1-T011 | E20: Fresh clone; không dùng cache/local hidden state
B21: P2-T001 | C21: UX/UI | D21: Phase 1 XONG | E21: Không start implementation sớm

Sheet 04_Nghiem_thu
E1: ← Mục lục
B2: M I N G O / THỰC HIỆN
B4: Nghiệm thu task
B5: Người kiểm tra và bằng chứng hoàn thành.
B8: Task ID | C8: Công việc | D8: Người kiểm tra | E8: Bằng chứng
B9: P1-T001 | C9: =VLOOKUP(B9,'02_Cong_viec'!$B$9:$D$204,3,FALSE) -> Import V3.2 original vào canonical repo
B10: P1-T002 | C10: =VLOOKUP(B10,'02_Cong_viec'!$B$9:$D$204,3,FALSE) -> Rerun 115 contract checks
B11: P1-T003 | C11: =VLOOKUP(B11,'02_Cong_viec'!$B$9:$D$204,3,FALSE) -> Rerun 22 SQL checks
B12: P1-T004 | C12: =VLOOKUP(B12,'02_Cong_viec'!$B$9:$D$204,3,FALSE) -> Python 3.12 full backend verification
B13: P1-T005 | C13: =VLOOKUP(B13,'02_Cong_viec'!$B$9:$D$204,3,FALSE) -> Provision/access mingo + mingo_test
B14: P1-T006 | C14: =VLOOKUP(B14,'02_Cong_viec'!$B$9:$D$204,3,FALSE) -> Migration + six DB tests
B15: P1-T007 | C15: =VLOOKUP(B15,'02_Cong_viec'!$B$9:$D$204,3,FALSE) -> ready=200 + worker probe
B16: P1-T008 | C16: =VLOOKUP(B16,'02_Cong_viec'!$B$9:$D$204,3,FALSE) -> Install pinned Flutter 3.32.8 + Android tooling
B17: P1-T009 | C17: =VLOOKUP(B17,'02_Cong_viec'!$B$9:$D$204,3,FALSE) -> Analyze/test/build + actual Android boot
B18: P1-T010 | C18: =VLOOKUP(B18,'02_Cong_viec'!$B$9:$D$204,3,FALSE) -> Analyze/test/build + actual Web boot
B19: P1-T011 | C19: =VLOOKUP(B19,'02_Cong_viec'!$B$9:$D$204,3,FALSE) -> Hosted CI green
B20: P1-T012 | C20: =VLOOKUP(B20,'02_Cong_viec'!$B$9:$D$204,3,FALSE) -> Full clean reproduction
B21: P2-T001 | C21: =VLOOKUP(B21,'02_Cong_viec'!$B$9:$D$204,3,FALSE) -> Chỉ lập Phase 2 contract sau khi Phase 1 PASS

Sheet 05_Blocker
E1: ← Mục lục
B2: M I N G O / THỰC HIỆN
B4: Blocker
B5: Trạng thái nhóm tự cập nhật từ công việc.
B8: Nhóm | C8: Trạng thái | D8: Việc tiếp theo | E8: Task nguồn
B9: V3.2 original | C9: =IF(AND(VLOOKUP("P1-T001",'02_Cong_viec'!$B$9:$F$204,5,FALSE)="XONG",VLOOKUP("P1-T002",'02_Cong_viec'!$B$9:$F$204,5,FALSE)="XONG",VLOOKUP("P1-T003",'02_Cong_viec'!$B$9:$F$204,5,FALSE)="XONG"),"XONG",IF(OR(VLOOKUP("P1-T001",'02_Cong_viec'!$B$9:$F$204,5,FALSE)="BỊ CHẶN",VLOOKUP("P1-T002",'02_Cong_viec'!$B$9:$F$204,5,FALSE)="BỊ CHẶN",VLOOKUP("P1-T003",'02_Cong_viec'!$B$9:$F$204,5,FALSE)="BỊ CHẶN"),"BỊ CHẶN","ĐANG LÀM")) -> ĐANG LÀM | D9: Import exact package + rerun 115 contract + 22 SQL. | E9: P1-T001..T003
B10: PostgreSQL | C10: =IF(AND(VLOOKUP("P1-T005",'02_Cong_viec'!$B$9:$F$204,5,FALSE)="XONG",VLOOKUP("P1-T006",'02_Cong_viec'!$B$9:$F$204,5,FALSE)="XONG"),"XONG",IF(OR(VLOOKUP("P1-T005",'02_Cong_viec'!$B$9:$F$204,5,FALSE)="BỊ CHẶN",VLOOKUP("P1-T006",'02_Cong_viec'!$B$9:$F$204,5,FALSE)="BỊ CHẶN"),"BỊ CHẶN","CHỜ")) -> BỊ CHẶN | D10: Provision/access DB → migration → 6 DB tests. | E10: P1-T005..T006
B11: API + Worker | C11: =VLOOKUP("P1-T007",'02_Cong_viec'!$B$9:$F$204,5,FALSE) -> BỊ CHẶN | D11: DB khỏe → /ready=200 → worker probe PASS. | E11: P1-T007
B12: Flutter learner/staff | C12: =IF(AND(VLOOKUP("P1-T009",'02_Cong_viec'!$B$9:$F$204,5,FALSE)="XONG",VLOOKUP("P1-T010",'02_Cong_viec'!$B$9:$F$204,5,FALSE)="XONG"),"XONG",IF(OR(VLOOKUP("P1-T008",'02_Cong_viec'!$B$9:$F$204,5,FALSE)="BỊ CHẶN",VLOOKUP("P1-T009",'02_Cong_viec'!$B$9:$F$204,5,FALSE)="BỊ CHẶN",VLOOKUP("P1-T010",'02_Cong_viec'!$B$9:$F$204,5,FALSE)="BỊ CHẶN"),"BỊ CHẶN","CHỜ")) -> BỊ CHẶN | D12: Toolchain → learner Android boot + staff Web boot. | E12: P1-T008..T010
B13: Hosted CI | C13: =VLOOKUP("P1-T011",'02_Cong_viec'!$B$9:$F$204,5,FALSE) -> BỊ CHẶN | D13: Có remote → chạy workflow từ clean checkout. | E13: P1-T011
B14: Clean reproduction | C14: =VLOOKUP("P1-T012",'02_Cong_viec'!$B$9:$F$204,5,FALSE) -> BỊ CHẶN | D14: Clone sạch và chạy toàn stack. | E14: P1-T012
B17: Thứ tự triển khai
B19: 1 | C19: Import + rerun V3.2 original | E19: Đóng nguồn chuẩn Phase 0 trong canonical repo.
B20: 2 | C20: PostgreSQL + migration + DB tests | E20: Đóng runtime backend quan trọng nhất.
B21: 3 | C21: API readiness + Worker | E21: Chứng minh backend foundation chạy thật.
B22: 4 | C22: Flutter learner + staff | E22: Chứng minh Android/Web chạy thật.
B23: 5 | C23: Hosted CI | E23: Chứng minh clean checkout chạy được.
B24: 6 | C24: Full clean reproduction | E24: Bằng chứng cuối trước khi đóng Phase 1.

Sheet 06_Roadmap
G1: ← Mục lục
B2: M I N G O / KẾ HOẠCH
B4: Roadmap
B5: Phase 0–17 · mỗi dòng là một giai đoạn.
B8: Phase | C8: Giai đoạn | D8: Mục tiêu | E8: Điều kiện hoàn thành | F8: Trạng thái | G8: Ghi chú
B9: 0 | C9: Kiến trúc & Hợp đồng hệ thống | D9: Chốt luật kiến trúc/contracts trước khi code. | E9: V3.2.0 + packaged 115 contract + 22 SQL evidence. | F9: XONG | G9: Phase 0 hoàn tất.
B10: 1 | C10: Nền tảng triển khai | D10: Dựng backend/DB/worker/Flutter shells/CI và chứng minh runtime. | E10: V3.2 rerun + DB/worker + Flutter + CI + clean reproduction. | F10: =IF(COUNTIFS('02_Cong_viec'!$C$9:$C$204,"P1",'02_Cong_viec'!$F$9:$F$204,"<>XONG")=0,"XONG","ĐANG LÀM") -> ĐANG LÀM | G10: Gate chưa pass.
B11: 2 | C11: Hệ thống UX/UI sản phẩm | D11: Thiết kế user journey, IA, design system, screen specs. | E11: UX system được duyệt và trace tới PRD. | F11: TẠM HOÃN | G11: Chỉ đủ điều kiện khi Phase 1 PASS.
B12: 3 | C12: Tài khoản, đăng nhập & phân quyền | D12: Login/session/role/permission thật ở server. | E12: Authz/security tests pass. | F12: TẠM HOÃN
B13: 4 | C13: Nền tảng nội dung & xuất bản | D13: Author/review/license/publish/versioned content. | E13: Publishing + provenance + immutable revisions. | F13: TẠM HOÃN
B14: 5 | C14: Lõi học tập & đánh giá | D14: Objectives, attempts, Check, progress, review, placement. | E14: Learning business rules chạy đúng. | F14: TẠM HOÃN
B15: 6 | C15: Offline-first & đồng bộ | D15: Học khi mất mạng; replay/idempotency/reconciliation. | E15: Offline adversarial tests pass. | F15: TẠM HOÃN
B16: 7 | C16: Worker bền vững & xử lý nền | D16: Jobs/retry/fencing/scheduling/projections. | E16: Worker failure/race tests pass. | F16: TẠM HOÃN
B17: 8 | C17: Phân tích học tập & dữ liệu | D17: Event model, point-in-time, source capture, projections. | E17: No leakage + telemetry quality. | F17: TẠM HOÃN
B18: 9 | C18: Learning Intelligence | D18: Mastery/knowledge state/adaptive path dựa product evidence. | E18: Evaluation contract + fallback. | F18: TẠM HOÃN | G18: Không freeze final mastery trước phase này.
B19: 10 | C19: Production ML / Dự đoán rủi ro sớm | D19: Risk prediction dùng product data. | E19: Validated target/horizon/model; no leakage. | F19: TẠM HOÃN
B20: 11 | C20: Khuyến nghị & can thiệp | D20: Decision/reason/exposure/execution/outcome. | E20: Auditable recommendation + fallback. | F20: TẠM HOÃN
B21: 12 | C21: Sản phẩm cho Instructor / Advisor / Admin | D21: Staff workflows hoàn chỉnh. | E21: Permissioned staff product. | F21: TẠM HOÃN
B22: 13 | C22: Gia cố QA / Bảo mật / Privacy / Hiệu năng | D22: Security/privacy/performance/backup/observability. | E22: Production hardening gate. | F22: TẠM HOÃN
B23: 14 | C23: Internal Alpha | D23: Đội nội bộ dùng end-to-end. | E23: Critical flows ổn định. | F23: TẠM HOÃN
B24: 15 | C24: Closed Beta / Pilot | D24: Nhóm user nhỏ dùng thật (~5 theo nguồn lực). | E24: Usability/trust/reliability evidence. | F24: TẠM HOÃN | G24: Không claim causal efficacy.
B25: 16 | C25: Production Launch | D25: Public release có rollback/monitoring/support. | E25: Launch readiness pass. | F25: TẠM HOÃN
B26: 17 | C26: Growth / Experimentation / Continuous Learning | D26: Experiment, content growth, model/policy improvement. | E26: Continuous measurement/governance. | F26: TẠM HOÃN

Sheet 07_Checklist_P1
H1: ← Mục lục
B2: M I N G O / KẾ HOẠCH
B4: Checklist Phase 1
B5: Điều kiện nghiệm thu · trạng thái liên kết với Công việc.
B8: # | C8: Nhóm | D8: Việc cần làm | E8: PASS khi | F8: Task ID | G8: Trạng thái | H8: Phụ thuộc
B9: 1 | C9: V3.2 | D9: Import exact original V3.2 completed package vào repo + provenance. | E9: Exact package giữ nguyên; hash/provenance rõ. | F9: P1-T001 | G9: =VLOOKUP("P1-T001",'02_Cong_viec'!$B$9:$F$204,5,FALSE) -> ĐANG LÀM
B10: 2 | C10: V3.2 | D10: Rerun original contract suite. | E10: 115/115 PASS. | F10: P1-T002 | G10: =VLOOKUP("P1-T002",'02_Cong_viec'!$B$9:$F$204,5,FALSE) -> CHỜ | H10: Bước 1
B11: 3 | C11: V3.2 | D11: Rerun original SQL suite. | E11: 22/22 PASS. | F11: P1-T003 | G11: =VLOOKUP("P1-T003",'02_Cong_viec'!$B$9:$F$204,5,FALSE) -> CHỜ | H11: Bước 1
B12: 4 | C12: Python | D12: Rerun backend bằng Python 3.12 canonical. | E12: Install/Ruff/tests/API smoke PASS. | F12: P1-T004 | G12: =VLOOKUP("P1-T004",'02_Cong_viec'!$B$9:$F$204,5,FALSE) -> CHỜ
B13: 5 | C13: PostgreSQL | D13: Có DB chính mingo + mingo_test + role mingo_app. | E13: Kết nối an toàn; không commit secret. | F13: P1-T005 | G13: =VLOOKUP("P1-T005",'02_Cong_viec'!$B$9:$F$204,5,FALSE) -> BỊ CHẶN
B14: 6 | C14: PostgreSQL | D14: Run migration + 6 integration/concurrency tests. | E14: 6 PASS / 0 fail / 0 skip. | F14: P1-T006 | G14: =VLOOKUP("P1-T006",'02_Cong_viec'!$B$9:$F$204,5,FALSE) -> BỊ CHẶN | H14: Bước 5
B15: 7 | C15: API/Worker | D15: Boot API + worker với DB khỏe. | E15: live=200, ready=200, worker probe PASS. | F15: P1-T007 | G15: =VLOOKUP("P1-T007",'02_Cong_viec'!$B$9:$F$204,5,FALSE) -> BỊ CHẶN | H15: Bước 6
B16: 8 | C16: Flutter | D16: Install Flutter 3.32.8 + Android tooling. | E16: flutter doctor đủ điều kiện learner. | F16: P1-T008 | G16: =VLOOKUP("P1-T008",'02_Cong_viec'!$B$9:$F$204,5,FALSE) -> BỊ CHẶN
B17: 9 | C17: Flutter learner | D17: Analyze/test/build + actual Android boot. | E17: App mở thật trên emulator/device. | F17: P1-T009 | G17: =VLOOKUP("P1-T009",'02_Cong_viec'!$B$9:$F$204,5,FALSE) -> BỊ CHẶN | H17: Bước 8
B18: 10 | C18: Flutter staff | D18: Analyze/test/build + actual Web boot. | E18: Web app mở thật. | F18: P1-T010 | G18: =VLOOKUP("P1-T010",'02_Cong_viec'!$B$9:$F$204,5,FALSE) -> BỊ CHẶN | H18: Bước 8
B19: 11 | C19: CI | D19: Hosted remote + workflow clean checkout. | E19: Backend + Flutter + V3.2 jobs xanh. | F19: P1-T011 | G19: =VLOOKUP("P1-T011",'02_Cong_viec'!$B$9:$F$204,5,FALSE) -> BỊ CHẶN
B20: 12 | C20: Clean reproduce | D20: Clone sạch và rerun full stack. | E20: Không dựa cache/local hidden state. | F20: P1-T012 | G20: =VLOOKUP("P1-T012",'02_Cong_viec'!$B$9:$F$204,5,FALSE) -> BỊ CHẶN | H20: Bước 1–11

Sheet 08_San_pham
D1: ← Mục lục
B2: M I N G O / SẢN PHẨM
B4: Sản phẩm Mingo
B5: Adaptive Language Learning & Early Intervention Platform
B8: Mingo là nền tảng học ngôn ngữ thích ứng, khởi đầu với tiếng Anh. Người học đi qua các chu kỳ học ngắn (Learning Cycle) có mục tiêu học rõ ràng, hoạt động tự nhớ/truy xuất (Retrieval), phản hồi và bài kiểm tra độc lập (Check). Hệ thống lưu bằng chứng học tập theo thời gian, hỗ trợ offline, và chỉ sau khi dữ liệu sản phẩm đủ đáng tin mới bổ sung Learning Intelligence → Risk Prediction → Recommendation/Intervention. Mingo phải vẫn hoạt động được khi ML/recommendation bị tắt.
B14: Bốn nguyên tắc nền tảng
B16: 01 | C16: Mingo học theo bằng chứng | D16: Không biến streak/click/skip thành mastery.
B19: 02 | C19: Máy chủ là nguồn quyết định chính | D19: Client gửi hành động/dữ liệu quan sát; server quyết định điểm, tiến độ, quyền.
B22: 03 | C22: Offline không được tạo dữ liệu trùng | D22: Command và telemetry tách riêng; retry phải idempotent.
B25: 04 | C25: ML là lớp tăng cường | D25: Không có ML/recommendation thì sản phẩm vẫn phải học được.

Sheet 09_Luong_hoc
D1: ← Mục lục
B2: M I N G O / SẢN PHẨM
B4: Luồng học
B5: Từ lúc mở app đến khi tích lũy bằng chứng học tập.
B8: Bước | C8: Nghiệp vụ | D8: Hệ thống làm gì
B9: 1 | C9: Mở app | D9: Người học vào Mingo; có thể chọn mục tiêu cá nhân.
B10: 2 | C10: Placement ngắn hoặc bỏ qua | D10: Tạo trạng thái bắt đầu tạm thời (provisional); không ép placement dài.
B11: 3 | C11: Chọn mục tiêu học / chu kỳ học | D11: Backend chọn nội dung đủ điều kiện theo curriculum, review, focus và prerequisite.
B12: 4 | C12: Review | D12: Ôn đúng thứ cần ôn; không tạo infinite scroll.
B13: 5 | C13: Learn | D13: Giải thích/ngữ cảnh ngắn phù hợp Vocabulary, Grammar hoặc Listening.
B14: 6 | C14: Retrieve | D14: Người học phải tự nhớ/trả lời; đây là bằng chứng quan trọng.
B15: 7 | C15: Transfer | D15: Dùng kiến thức trong ngữ cảnh khác.
B16: 8 | C16: Check | D16: Bài kiểm tra độc lập; server là nguồn quyết định điểm chính.
B17: 9 | C17: Feedback + lưu evidence | D17: Giữ đúng first response, retry, hint, skip và điều kiện assessment.
B18: 10 | C18: Kết thúc cycle | D18: Có điểm dừng rõ; người học chọn tiếp tục hoặc dừng.
B19: 11 | C19: Tích lũy theo thời gian | D19: Review scheduler và analytics tích lũy; intelligence/risk/recommendation đến ở phase sau.

Sheet 10_Quy_tac
C1: ← Mục lục
B2: M I N G O / SẢN PHẨM
B4: Quy tắc nghiệp vụ
B5: Các nguyên tắc dễ hiểu sai khi triển khai.
B8: Chủ đề | C8: Nội dung
B9: First response | C9: Câu trả lời đầu tiên phải được giữ. Retry đúng sau đó không biến lịch sử thành 'đúng ngay từ đầu'.
B10: Hint | C10: Đúng sau hint = đúng có hỗ trợ (assisted), không phải đúng độc lập (unaided).
B11: Skip | C11: Skip được ghi lại nhưng KHÔNG phải completion, mastery hay progress.
B12: Check | C12: Bài kiểm tra độc lập; không có hint trước khi submit.
B13: Audio replay | C13: Telemetry ở client không chứng minh chắc chắn người dùng đã nghe bao nhiêu lần và không tự quyết điểm chuẩn.
B14: Content revision | C14: Nội dung đã publish là bất biến; muốn sửa phải tạo revision mới.
B15: Attempt | C15: Attempt phải pin đúng revision mà learner đã thấy lúc làm.
B16: Offline | C16: Business command và telemetry đi hai luồng riêng; retry không được tạo progress hai lần.
B17: Mastery / Risk | C17: Mastery và Risk là hai khái niệm khác nhau.
B18: Recommendation | C18: Prediction ≠ Decision ≠ Exposure ≠ Execution ≠ Outcome.
B19: ML OFF | C19: Khi ML/recommendation bị tắt, curriculum + review fallback vẫn phải tạo được chu kỳ học hợp lệ.

Sheet 11_Da_chot
C1: ← Mục lục
B2: M I N G O / SẢN PHẨM
B4: Nội dung đã chốt
B5: Muốn thay đổi nội dung ở đây: tạo đề nghị thay đổi.
B8: Chủ đề | C8: Nội dung
B9: V3.2 | C9: V3.2.0 completed baseline là source of truth của Phase 0.
B10: Stack | C10: Flutter Android-first cho learner; Flutter Web cho staff; FastAPI/Python; PostgreSQL; Object Storage.
B11: Architecture | C11: Modular monolith; API process + durable worker dùng cùng codebase.
B12: Authority | C12: Máy chủ quyết định canonical scoring, progress và permission.
B13: Offline | C13: Command queue tách telemetry queue.
B14: Content | C14: Published content immutable/versioned; attempt/enrollment pin exact revision.
B15: Analytics time | C15: Phân biệt event time và knowledge/availability/source capture.
B16: Mastery / Risk | C16: Mastery khác Risk.
B17: Recommendation | C17: Risk chỉ là input tùy chọn; ML/recommendation OFF thì app vẫn học được.
B18: Lifecycle | C18: Prediction / Decision / Exposure / Execution / Outcome tách riêng.
B19: Hạ tầng | C19: Không Kafka/Kubernetes/microservices/warehouse/external feature store nếu chưa có requirement/load thật.
... B22: ML production | C22: OULAD/UCI chỉ là research baseline; production model phải đánh giá bằng product data.

Sheet 12_Gia_thuyet
C1: ← Mục lục
B2: M I N G O / SẢN PHẨM
B4: Giả thuyết & chính sách
B5: Các giả thuyết còn có thể thay đổi sau đo lường hoặc pilot.
B8: Chủ đề | C8: Nội dung
B9: Tên Mingo | C9: Đang là working name; chưa freeze final brand.
B10: ~5 phút / cycle | C10: UX hypothesis; có thể đổi sau đo/pilot.
B11: 1 retry | C11: Retry count là hypothesis; việc giữ first response là nguyên tắc mạnh hơn.
B12: 2 lần nghe trong Check | C12: Hypothesis; server authority mới là invariant.
B13: Placement 6–9 câu | C13: Thiết kế provisional; không phải CEFR cut score cuối.
B14: Step-up threshold | C14: 2 evidence + 1 Check + max 1 challenge là policy hypothesis.
B15: Final mastery formula | C15: Chờ Phase 9 — Learning Intelligence.
B16: Final risk label/model/weights | C16: Chờ Phase 10 + product data.
B17: Recommendation ranking weights | C17: Chờ Phase 11.

Sheet 13_Baseline_V3_2
C1: ← Mục lục
B2: M I N G O / SẢN PHẨM
B4: Baseline V3.2
B5: Nguồn chuẩn Phase 0 · phạm vi đã và chưa được chứng minh.
B8: Chủ đề | C8: Nội dung
B9: Tên package | C9: ADAPTIVE_LANGUAGE_LEARNING_BASELINE_COMPLETED.zip
B10: Version | C10: 3.2.0
B11: Vai trò | C11: Canonical Phase 0 architecture/contract baseline
B12: Trạng thái gốc | C12: Completed architecture and contract baseline; GO for core implementation; application runtime not validated
B13: Kết quả contract trong package | C13: 115 PASS / 0 FAIL
B14: Kết quả SQL trong package | C14: 22 PASS / 0 FAIL
B15: Completed package SHA-256 | C15: 1b4c9c10afad5245517d2593e5bbd98c7f233fc662c221ee8332cc386c83fe0a
B16: V3 source archive SHA-256 | C16: 7d46d057fab627d442a62aa5f33fbe9e63216ebbd6b04dc041e4505a7e4b6f55
B17: Hiện tại trong Mingo | C17: Original đã TÌM THẤY; canonical import/rerun vẫn đang chờ.
B18: V3.2 chứng minh | C18: Architecture/contracts/schemas/DDL/API/protocol invariants được định nghĩa và packaged verification đã pass.
B19: V3.2 chưa chứng minh | C19: FastAPI runtime thật, native PostgreSQL concurrency, Flutter device, hosted CI, production security/scale.
B20: Cách dùng | C20: Coder implement theo exact V3.2. Nếu phát hiện blocking defect thật → Issue/Change Request; không tự sửa business rule.

Sheet 14_Van_de
G1: ← Mục lục
B2: M I N G O / VẤN ĐỀ & THAY ĐỔI
B4: Vấn đề
B5: Theo dõi issue, mức ưu tiên và người xử lý.
B8: Issue ID | C8: Vấn đề | D8: Trạng thái | E8: Ưu tiên | F8: Phụ trách | G8: Task liên quan
B9: II-01 | C9: V3.2 original | D9: TÌM THẤY / CHỜ CHẠY LẠI | E9: P0 | G9: P1-T001..T003
B10: II-02 | C10: Hypothesis vs rule đã chốt | D10: MỞ | E10: P1
B11: II-03 | C11: Listening replay authority | D11: MỞ | E11: P1
B12: II-04 | C12: PostgreSQL runtime | D12: BỊ CHẶN | E12: P0 | G12: P1-T005..T007
B13: II-05 | C13: Flutter runtime | D13: BỊ CHẶN | E13: P0 | G13: P1-T008..T010
B14: II-06 | C14: Hosted CI | D14: BỊ CHẶN | E14: P0 | G14: P1-T011
B15: II-07 | C15: Old package layout mismatch | D15: ĐÃ GIẢI QUYẾT | E15: P2
B16: II-08 | C16: Detached HEAD bundle | D16: ĐÃ GIẢI QUYẾT | E16: P2
B17: II-09 | C17: Windows object storage | D17: ĐÃ GIẢI QUYẾT | E17: P1

Sheet 15_Xu_ly_van_de
F1: ← Mục lục
B2: M I N G O / VẤN ĐỀ & THAY ĐỔI
B4: Xử lý vấn đề
B5: Mô tả, hướng xử lý và bằng chứng theo Issue ID.
B8: Issue ID | C8: Mô tả | D8: Cách xử lý | E8: Bằng chứng / commit | F8: Cập nhật
B9: II-01 | C9: Original package đã tìm được nhưng chưa import/rerun trong canonical repo. | D9: Import exact package + rerun 115+22. | F9: 46292
B10: II-02 | C10: MVP learning hypothesis có thể bị hiểu nhầm thành architecture/scoring invariant. | D10: Giữ phân loại rõ ở 08_San_pham; thay rule nền tảng phải có CR. | F10: 46292
B11: II-03 | C11: Client playback telemetry không chứng minh true listen/canonical score. | D11: Map exact V3.2 contract; giữ server authority. | F11: 46292
B12: II-04 | C12: DB tests/migrations/worker/readiness chưa proven. | D12: Có DB access rồi chạy runtime verification. | F12: 46292
B13: II-05 | C13: Chưa có toolchain/actual boot evidence. | D13: Install pinned Flutter/Android + run. | F13: 46292
B14: II-06 | C14: Chưa có hosted remote/run evidence. | D14: Configure remote and run workflow. | F14: 46292
B15: II-07 | C15: Source/full-pack path mismatch trong handoff cũ. | D15: Canonical layout/provenance đã xử lý. | E15: fc6e40e | F15: 46289
B16: II-08 | C16: Bundle cũ clone ra detached HEAD. | D16: Canonical named main bundle đã xử lý. | E16: fc6e40e | F16: 46289
B17: II-09 | C17: Windows path/fsync portability issue. | D17: Fix + rerun evidence. | E17: 51b741e | F17: 46291

Sheet 16_Thay_doi
J1: ← Mục lục
B2: M I N G O / VẤN ĐỀ & THAY ĐỔI
B4: Đề nghị thay đổi
B5: Dành cho thay đổi nội dung đã chốt. Hiện chưa có đề nghị.
B8: CR ID | C8: Ngày | D8: Người đề nghị | E8: Nội dung muốn đổi | F8: Lý do | G8: Ảnh hưởng | H8: Test / migration | I8: Trạng thái | J8: Người duyệt

Sheet 17_Ghi_chu
F1: ← Mục lục
B2: M I N G O / VẤN ĐỀ & THAY ĐỔI
B4: Ghi chú & action
B5: Thảo luận và hành động ngoài danh sách task.
B8: NOTE-001 | E8: NOTE-002
B10: Ngày | C10: 46291 | E10: Ngày | F10: 46291
B12: Phase | C12: P1 | E12: Phase | F12: P1
B14: Chủ đề | C14: V3.2 | E14: Chủ đề | F14: Database
B16: Nội dung | C16: Original completed package đã được cung cấp sau khi trước đó repo không có. | E16: Nội dung | F16: Không chia DB theo phase.
B18: Việc cần làm | C18: Import/rerun original suites. | E18: Việc cần làm | F18: Dùng mingo + mingo_test + role mingo_app.
B20: Phụ trách | E20: Phụ trách
B22: Hạn | E22: Hạn
B24: Trạng thái | C24: ĐANG LÀM | E24: Trạng thái | F24: ĐANG LÀM
B26: Liên kết | C26: P1-T001 / II-01 | E26: Liên kết | F26: Database decision

Sheet 18_Bang_chung
G1: ← Mục lục
B2: M I N G O / KIỂM CHỨNG
B4: Bằng chứng
B5: Trạng thái test / runtime / CI. Phạm vi và giới hạn ở sheet kế tiếp.
B8: ID | C8: Khu vực | D8: Kiểm tra | E8: Trạng thái | F8: Ngày | G8: Nguồn
B9: E01 | C9: V3.2 | D9: Package provenance | E9: PASS | F9: 46291 | G9: Artifact audit
B10: E02 | C10: V3.2 | D10: Contract packaged validation | E10: PASS LỊCH SỬ | F10: 46280 | G10: V3.2 package
B11: E03 | C11: V3.2 | D11: SQL packaged validation | E11: PASS LỊCH SỬ | F11: 46280 | G11: V3.2 package
B12: E04 | C12: V3.2 | D12: Canonical contract rerun | E12: CHỜ CHẠY | F12: 46292 | G12: P1-T002
B13: E05 | C13: V3.2 | D13: Canonical SQL rerun | E13: CHỜ CHẠY | F13: 46292 | G13: P1-T003
B14: E06 | C14: Backend | D14: Windows focused verification | E14: PASS | F14: 46291 | G14: Mingo evidence
B15: E07 | C15: API | D15: Liveness | E15: PASS | F15: 46291 | G15: Mingo evidence
B16: E08 | C16: API | D16: Readiness | E16: BỊ CHẶN | F16: 46291 | G16: Mingo evidence
B17: E09 | C17: Clean clone | D17: Backend-only | E17: PASS | F17: 46291 | G17: 51b741e
B18: E10 | C18: PostgreSQL | D18: 6 integration/concurrency tests | E18: BỊ CHẶN | F18: 46292 | G18: P1-T006
B19: E11 | C19: Worker | D19: DB probe/runtime | E19: BỊ CHẶN | F19: 46292 | G19: P1-T007
B20: E12 | C20: Flutter learner | D20: Analyze/test/build/Android boot | E20: BỊ CHẶN | F20: 46292 | G20: P1-T009
... B23: E15 | C23: Clean reproduce | D23: Full stack | E23: BỊ CHẶN | F23: 46292 | G23: P1-T012

Sheet 19_Pham_vi_test
D1: ← Mục lục
B2: M I N G O / KIỂM CHỨNG
B4: Phạm vi bằng chứng
B5: Kết quả quan sát và giới hạn. Không đồng nhất PASS lịch sử với PASS hiện tại.
B8: ID | C8: Kết quả quan sát | D8: Phạm vi / giới hạn
B9: E01 | C9: Exact completed package + hash lineage đã tìm thấy. | D9: Phase 0 provenance.
B10: E02 | C10: 115 PASS / 0 FAIL trong original package. | D10: Không đồng nghĩa đã rerun trong canonical Mingo.
B11: E03 | C11: 22 PASS / 0 FAIL trong original package. | D11: PGlite packaged evidence; native concurrency là gate khác.
B12: E04 | C12: Chưa chạy exact 115 checks trong canonical Mingo. | D12: Cần import original + requirements.
B13: E05 | C13: Chưa chạy exact 22 SQL checks trong canonical Mingo. | D13: Cần import original + npm setup.
B14: E06 | C14: Locked install + Ruff + 9 tests pass. | D14: 6 DB + 1 symlink skipped; final Python 3.12 rerun pending.
B15: E07 | C15: HTTP 200. | D15: API process boot proven.
B16: E08 | C16: HTTP 503 khi chưa có DB. | D16: Phải trở thành 200 khi DB healthy.
B17: E09 | C17: Backend clean clone verification pass. | D17: Không phải full-stack reproduction.
B18: E10 | C18: Chưa chạy trên disposable test DB thật. | D18: Cần mingo_test.
B19: E11 | C19: Chưa proven. | D19: Cần DB.
... B23: E15 | C23: Chưa verify. | D23: Cần các gate trước.

Sheet 20_Cach_lam_viec
D1: ← Mục lục
B2: M I N G O / HƯỚNG DẪN
B4: Cách làm việc
B5: Năm quy tắc chung của dự án.
B8: # | C8: Quy tắc | D8: Ý nghĩa
B9: 1 | C9: Không tự sửa nội dung đã chốt. | D9: Muốn đổi kiến trúc/business rule đã khóa → tạo Đề nghị thay đổi (Change Request).
B10: 2 | C10: Không đánh XONG chỉ vì có code. | D10: XONG phải có bằng chứng phù hợp: test, runtime, CI hoặc review theo gate.
B11: 3 | C11: Phase 2 chưa được bắt đầu chính thức. | D11: Chỉ đủ điều kiện khi toàn bộ task bắt buộc của Phase 1 XONG.
B12: 4 | C12: Task là nguồn trạng thái hằng ngày. | D12: Tổng quan và checklist Phase 1 tự đọc trạng thái từ 02_Cong_viec để tránh cập nhật lệch.
B13: 5 | C13: Không ghi mật khẩu/token vào file. | D13: Chỉ ghi tên biến môi trường hoặc nơi lưu secret; tuyệt đối không ghi plaintext credential.
B17: Cập nhật theo thứ tự
B19: Cách cập nhật: 1) chọn Trạng thái → 2) điền Phụ trách/Người kiểm tra → 3) ghi Việc tiếp theo → 4) khi XONG phải điền Bằng chứng → 5) cập nhật ngày Cập nhật cuối.

Sheet 21_Tu_dien
C1: ← Mục lục
B2: M I N G O / HƯỚNG DẪN
B4: Từ điển dự án
B5: Giải thích các thuật ngữ dùng trong workbook.
B8: Chủ đề | C8: Nội dung
B9: Phase | C9: Giai đoạn phát triển có mục tiêu và điều kiện hoàn thành riêng.
B10: Gate | C10: Điều kiện bắt buộc phải đạt trước khi được coi phase đã hoàn thành.
B11: Blocker / Bị chặn | C11: Vướng mắc khiến task/gate chưa thể hoàn thành.
B12: Evidence / Bằng chứng | C12: Kết quả test, log, runtime, CI, artifact hoặc review chứng minh một claim.
B13: Issue / Vấn đề | C13: Bug, lỗi runtime, thiếu tooling, thiếu credential hoặc ambiguity cần xử lý.
B14: Change Request / Đề nghị thay đổi | C14: Quy trình xin phép thay đổi nội dung đã chốt.
B15: V3.2 | C15: Baseline kiến trúc + hợp đồng hệ thống của Phase 0; không phải version app.
B16: Telemetry | C16: Dữ liệu quan sát hành vi như nghe audio, mở hint, xem màn hình; không tự quyết canonical score.
