Workbook

Sheet 00_BAT_DAU
B2: MINGO | C2: MINGO | D2: MINGO | E2: MINGO | F2: MINGO | G2: MINGO | H2: MINGO | I2: MINGO | J2: MINGO | K2: MINGO | L2: MINGO
B3: MINGO | C3: MINGO | D3: MINGO | E3: MINGO | F3: MINGO | G3: MINGO | H3: MINGO | I3: MINGO | J3: MINGO | K3: MINGO | L3: MINGO
B4: Quản lý dự án / Từ ý tưởng đến sản phẩm | C4: Quản lý dự án / Từ ý tưởng đến sản phẩm | D4: Quản lý dự án / Từ ý tưởng đến sản phẩm | E4: Quản lý dự án / Từ ý tưởng đến sản phẩm | F4: Quản lý dự án / Từ ý tưởng đến sản phẩm | G4: Quản lý dự án / Từ ý tưởng đến sản phẩm | H4: Quản lý dự án / Từ ý tưởng đến sản phẩm | I4: Quản lý dự án / Từ ý tưởng đến sản phẩm | J4: Quản lý dự án / Từ ý tưởng đến sản phẩm | K4: Quản lý dự án / Từ ý tưởng đến sản phẩm | L4: Quản lý dự án / Từ ý tưởng đến sản phẩm | M4: Quản lý dự án / Từ ý tưởng đến sản phẩm | N4: Quản lý dự án / Từ ý tưởng đến sản phẩm | O4: Quản lý dự án / Từ ý tưởng đến sản phẩm | P4: Quản lý dự án / Từ ý tưởng đến sản phẩm | Q4: Quản lý dự án / Từ ý tưởng đến sản phẩm | R4: Quản lý dự án / Từ ý tưởng đến sản phẩm
B6: Workbook này có 7 sheet. Mỗi sheet trả lời đúng một câu hỏi. Nếu mới vào dự án, đọc sheet này → 01_TONG_QUAN → 02_SAN_PHAM trước khi code. | C6: Workbook này có 7 sheet. Mỗi sheet trả lời đúng một câu hỏi. Nếu mới vào dự án, đọc sheet này → 01_TONG_QUAN → 02_SAN_PHAM trước khi code. | D6: Workbook này có 7 sheet. Mỗi sheet trả lời đúng một câu hỏi. Nếu mới vào dự án, đọc sheet này → 01_TONG_QUAN → 02_SAN_PHAM trước khi code. | E6: Workbook này có 7 sheet. Mỗi sheet trả lời đúng một câu hỏi. Nếu mới vào dự án, đọc sheet này → 01_TONG_QUAN → 02_SAN_PHAM trước khi code. | F6: Workbook này có 7 sheet. Mỗi sheet trả lời đúng một câu hỏi. Nếu mới vào dự án, đọc sheet này → 01_TONG_QUAN → 02_SAN_PHAM trước khi code. | G6: Workbook này có 7 sheet. Mỗi sheet trả lời đúng một câu hỏi. Nếu mới vào dự án, đọc sheet này → 01_TONG_QUAN → 02_SAN_PHAM trước khi code. | H6: Workbook này có 7 sheet. Mỗi sheet trả lời đúng một câu hỏi. Nếu mới vào dự án, đọc sheet này → 01_TONG_QUAN → 02_SAN_PHAM trước khi code. | I6: Workbook này có 7 sheet. Mỗi sheet trả lời đúng một câu hỏi. Nếu mới vào dự án, đọc sheet này → 01_TONG_QUAN → 02_SAN_PHAM trước khi code. | J6: Workbook này có 7 sheet. Mỗi sheet trả lời đúng một câu hỏi. Nếu mới vào dự án, đọc sheet này → 01_TONG_QUAN → 02_SAN_PHAM trước khi code. | K6: Workbook này có 7 sheet. Mỗi sheet trả lời đúng một câu hỏi. Nếu mới vào dự án, đọc sheet này → 01_TONG_QUAN → 02_SAN_PHAM trước khi code. | L6: Workbook này có 7 sheet. Mỗi sheet trả lời đúng một câu hỏi. Nếu mới vào dự án, đọc sheet này → 01_TONG_QUAN → 02_SAN_PHAM trước khi code. | M6: Workbook này có 7 sheet. Mỗi sheet trả lời đúng một câu hỏi. Nếu mới vào dự án, đọc sheet này → 01_TONG_QUAN → 02_SAN_PHAM trước khi code. | N6: Workbook này có 7 sheet. Mỗi sheet trả lời đúng một câu hỏi. Nếu mới vào dự án, đọc sheet này → 01_TONG_QUAN → 02_SAN_PHAM trước khi code. | O6: Workbook này có 7 sheet. Mỗi sheet trả lời đúng một câu hỏi. Nếu mới vào dự án, đọc sheet này → 01_TONG_QUAN → 02_SAN_PHAM trước khi code. | P6: Workbook này có 7 sheet. Mỗi sheet trả lời đúng một câu hỏi. Nếu mới vào dự án, đọc sheet này → 01_TONG_QUAN → 02_SAN_PHAM trước khi code. | Q6: Workbook này có 7 sheet. Mỗi sheet trả lời đúng một câu hỏi. Nếu mới vào dự án, đọc sheet này → 01_TONG_QUAN → 02_SAN_PHAM trước khi code. | R6: Workbook này có 7 sheet. Mỗi sheet trả lời đúng một câu hỏi. Nếu mới vào dự án, đọc sheet này → 01_TONG_QUAN → 02_SAN_PHAM trước khi code.
B7: Workbook này có 7 sheet. Mỗi sheet trả lời đúng một câu hỏi. Nếu mới vào dự án, đọc sheet này → 01_TONG_QUAN → 02_SAN_PHAM trước khi code. | C7: Workbook này có 7 sheet. Mỗi sheet trả lời đúng một câu hỏi. Nếu mới vào dự án, đọc sheet này → 01_TONG_QUAN → 02_SAN_PHAM trước khi code. | D7: Workbook này có 7 sheet. Mỗi sheet trả lời đúng một câu hỏi. Nếu mới vào dự án, đọc sheet này → 01_TONG_QUAN → 02_SAN_PHAM trước khi code. | E7: Workbook này có 7 sheet. Mỗi sheet trả lời đúng một câu hỏi. Nếu mới vào dự án, đọc sheet này → 01_TONG_QUAN → 02_SAN_PHAM trước khi code. | F7: Workbook này có 7 sheet. Mỗi sheet trả lời đúng một câu hỏi. Nếu mới vào dự án, đọc sheet này → 01_TONG_QUAN → 02_SAN_PHAM trước khi code. | G7: Workbook này có 7 sheet. Mỗi sheet trả lời đúng một câu hỏi. Nếu mới vào dự án, đọc sheet này → 01_TONG_QUAN → 02_SAN_PHAM trước khi code. | H7: Workbook này có 7 sheet. Mỗi sheet trả lời đúng một câu hỏi. Nếu mới vào dự án, đọc sheet này → 01_TONG_QUAN → 02_SAN_PHAM trước khi code. | I7: Workbook này có 7 sheet. Mỗi sheet trả lời đúng một câu hỏi. Nếu mới vào dự án, đọc sheet này → 01_TONG_QUAN → 02_SAN_PHAM trước khi code. | J7: Workbook này có 7 sheet. Mỗi sheet trả lời đúng một câu hỏi. Nếu mới vào dự án, đọc sheet này → 01_TONG_QUAN → 02_SAN_PHAM trước khi code. | K7: Workbook này có 7 sheet. Mỗi sheet trả lời đúng một câu hỏi. Nếu mới vào dự án, đọc sheet này → 01_TONG_QUAN → 02_SAN_PHAM trước khi code. | L7: Workbook này có 7 sheet. Mỗi sheet trả lời đúng một câu hỏi. Nếu mới vào dự án, đọc sheet này → 01_TONG_QUAN → 02_SAN_PHAM trước khi code. | M7: Workbook này có 7 sheet. Mỗi sheet trả lời đúng một câu hỏi. Nếu mới vào dự án, đọc sheet này → 01_TONG_QUAN → 02_SAN_PHAM trước khi code. | N7: Workbook này có 7 sheet. Mỗi sheet trả lời đúng một câu hỏi. Nếu mới vào dự án, đọc sheet này → 01_TONG_QUAN → 02_SAN_PHAM trước khi code. | O7: Workbook này có 7 sheet. Mỗi sheet trả lời đúng một câu hỏi. Nếu mới vào dự án, đọc sheet này → 01_TONG_QUAN → 02_SAN_PHAM trước khi code. | P7: Workbook này có 7 sheet. Mỗi sheet trả lời đúng một câu hỏi. Nếu mới vào dự án, đọc sheet này → 01_TONG_QUAN → 02_SAN_PHAM trước khi code. | Q7: Workbook này có 7 sheet. Mỗi sheet trả lời đúng một câu hỏi. Nếu mới vào dự án, đọc sheet này → 01_TONG_QUAN → 02_SAN_PHAM trước khi code. | R7: Workbook này có 7 sheet. Mỗi sheet trả lời đúng một câu hỏi. Nếu mới vào dự án, đọc sheet này → 01_TONG_QUAN → 02_SAN_PHAM trước khi code.
B9: 01 Tổng quan | C9: 01 Tổng quan | D9: 01 Tổng quan | E9: 01 Tổng quan | F9: 01 Tổng quan | H9: 02 Sản phẩm | I9: 02 Sản phẩm | J9: 02 Sản phẩm | K9: 02 Sản phẩm | L9: 02 Sản phẩm | N9: 03 Roadmap | O9: 03 Roadmap | P9: 03 Roadmap | Q9: 03 Roadmap | R9: 03 Roadmap
B10: Xem phase hiện tại, blocker, tiến độ Phase 1 và thứ tự việc tiếp theo. | C10: Xem phase hiện tại, blocker, tiến độ Phase 1 và thứ tự việc tiếp theo. | D10: Xem phase hiện tại, blocker, tiến độ Phase 1 và thứ tự việc tiếp theo. | E10: Xem phase hiện tại, blocker, tiến độ Phase 1 và thứ tự việc tiếp theo. | F10: Xem phase hiện tại, blocker, tiến độ Phase 1 và thứ tự việc tiếp theo. | H10: Hiểu luồng learner, luật dễ làm sai, nội dung đã chốt/chưa chốt, V3.2. | I10: Hiểu luồng learner, luật dễ làm sai, nội dung đã chốt/chưa chốt, V3.2. | J10: Hiểu luồng learner, luật dễ làm sai, nội dung đã chốt/chưa chốt, V3.2. | K10: Hiểu luồng learner, luật dễ làm sai, nội dung đã chốt/chưa chốt, V3.2. | L10: Hiểu luồng learner, luật dễ làm sai, nội dung đã chốt/chưa chốt, V3.2. | N10: Xem mục tiêu từng phase và checklist Phase 1 được đồng bộ từ Task. | O10: Xem mục tiêu từng phase và checklist Phase 1 được đồng bộ từ Task. | P10: Xem mục tiêu từng phase và checklist Phase 1 được đồng bộ từ Task. | Q10: Xem mục tiêu từng phase và checklist Phase 1 được đồng bộ từ Task. | R10: Xem mục tiêu từng phase và checklist Phase 1 được đồng bộ từ Task.
B11: Xem phase hiện tại, blocker, tiến độ Phase 1 và thứ tự việc tiếp theo. | C11: Xem phase hiện tại, blocker, tiến độ Phase 1 và thứ tự việc tiếp theo. | D11: Xem phase hiện tại, blocker, tiến độ Phase 1 và thứ tự việc tiếp theo. | E11: Xem phase hiện tại, blocker, tiến độ Phase 1 và thứ tự việc tiếp theo. | F11: Xem phase hiện tại, blocker, tiến độ Phase 1 và thứ tự việc tiếp theo. | H11: Hiểu luồng learner, luật dễ làm sai, nội dung đã chốt/chưa chốt, V3.2. | I11: Hiểu luồng learner, luật dễ làm sai, nội dung đã chốt/chưa chốt, V3.2. | J11: Hiểu luồng learner, luật dễ làm sai, nội dung đã chốt/chưa chốt, V3.2. | K11: Hiểu luồng learner, luật dễ làm sai, nội dung đã chốt/chưa chốt, V3.2. | L11: Hiểu luồng learner, luật dễ làm sai, nội dung đã chốt/chưa chốt, V3.2. | N11: Xem mục tiêu từng phase và checklist Phase 1 được đồng bộ từ Task. | O11: Xem mục tiêu từng phase và checklist Phase 1 được đồng bộ từ Task. | P11: Xem mục tiêu từng phase và checklist Phase 1 được đồng bộ từ Task. | Q11: Xem mục tiêu từng phase và checklist Phase 1 được đồng bộ từ Task. | R11: Xem mục tiêu từng phase và checklist Phase 1 được đồng bộ từ Task.
B12: Xem phase hiện tại, blocker, tiến độ Phase 1 và thứ tự việc tiếp theo. | C12: Xem phase hiện tại, blocker, tiến độ Phase 1 và thứ tự việc tiếp theo. | D12: Xem phase hiện tại, blocker, tiến độ Phase 1 và thứ tự việc tiếp theo. | E12: Xem phase hiện tại, blocker, tiến độ Phase 1 và thứ tự việc tiếp theo. | F12: Xem phase hiện tại, blocker, tiến độ Phase 1 và thứ tự việc tiếp theo. | H12: Hiểu luồng learner, luật dễ làm sai, nội dung đã chốt/chưa chốt, V3.2. | I12: Hiểu luồng learner, luật dễ làm sai, nội dung đã chốt/chưa chốt, V3.2. | J12: Hiểu luồng learner, luật dễ làm sai, nội dung đã chốt/chưa chốt, V3.2. | K12: Hiểu luồng learner, luật dễ làm sai, nội dung đã chốt/chưa chốt, V3.2. | L12: Hiểu luồng learner, luật dễ làm sai, nội dung đã chốt/chưa chốt, V3.2. | N12: Xem mục tiêu từng phase và checklist Phase 1 được đồng bộ từ Task. | O12: Xem mục tiêu từng phase và checklist Phase 1 được đồng bộ từ Task. | P12: Xem mục tiêu từng phase và checklist Phase 1 được đồng bộ từ Task. | Q12: Xem mục tiêu từng phase và checklist Phase 1 được đồng bộ từ Task. | R12: Xem mục tiêu từng phase và checklist Phase 1 được đồng bộ từ Task.
B13: Owner / Lead / Team | C13: Owner / Lead / Team | D13: Owner / Lead / Team | E13: Owner / Lead / Team | F13: Owner / Lead / Team | H13: Tất cả mọi người | I13: Tất cả mọi người | J13: Tất cả mọi người | K13: Tất cả mọi người | L13: Tất cả mọi người | N13: Owner / Lead | O13: Owner / Lead | P13: Owner / Lead | Q13: Owner / Lead | R13: Owner / Lead
B14: =HYPERLINK("#'01_TONG_QUAN'!A1","Mở Tổng quan →") -> Mở Tổng quan → | H14: =HYPERLINK("#'02_SAN_PHAM'!A1","Mở Sản phẩm →") -> Mở Sản phẩm → | N14: =HYPERLINK("#'03_ROADMAP'!A1","Mở Roadmap →") -> Mở Roadmap →
B17: 04 Công việc | C17: 04 Công việc | D17: 04 Công việc | E17: 04 Công việc | F17: 04 Công việc | H17: 05 Vấn đề / Thay đổi | I17: 05 Vấn đề / Thay đổi | J17: 05 Vấn đề / Thay đổi | K17: 05 Vấn đề / Thay đổi | L17: 05 Vấn đề / Thay đổi | N17: 06 Bằng chứng | O17: 06 Bằng chứng | P17: 06 Bằng chứng | Q17: 06 Bằng chứng | R17: 06 Bằng chứng
B18: Sheet team dùng hằng ngày: người phụ trách, người kiểm tra, hạn, việc tiếp theo, bằng chứng, ghi chú. | C18: Sheet team dùng hằng ngày: người phụ trách, người kiểm tra, hạn, việc tiếp theo, bằng chứng, ghi chú. | D18: Sheet team dùng hằng ngày: người phụ trách, người kiểm tra, hạn, việc tiếp theo, bằng chứng, ghi chú. | E18: Sheet team dùng hằng ngày: người phụ trách, người kiểm tra, hạn, việc tiếp theo, bằng chứng, ghi chú. | F18: Sheet team dùng hằng ngày: người phụ trách, người kiểm tra, hạn, việc tiếp theo, bằng chứng, ghi chú. | H18: Issue kỹ thuật, đề nghị thay đổi nội dung đã chốt, note/action. | I18: Issue kỹ thuật, đề nghị thay đổi nội dung đã chốt, note/action. | J18: Issue kỹ thuật, đề nghị thay đổi nội dung đã chốt, note/action. | K18: Issue kỹ thuật, đề nghị thay đổi nội dung đã chốt, note/action. | L18: Issue kỹ thuật, đề nghị thay đổi nội dung đã chốt, note/action. | N18: Phân biệt PASS hiện tại, PASS lịch sử, chờ chạy và bị chặn. | O18: Phân biệt PASS hiện tại, PASS lịch sử, chờ chạy và bị chặn. | P18: Phân biệt PASS hiện tại, PASS lịch sử, chờ chạy và bị chặn. | Q18: Phân biệt PASS hiện tại, PASS lịch sử, chờ chạy và bị chặn. | R18: Phân biệt PASS hiện tại, PASS lịch sử, chờ chạy và bị chặn.
B19: Sheet team dùng hằng ngày: người phụ trách, người kiểm tra, hạn, việc tiếp theo, bằng chứng, ghi chú. | C19: Sheet team dùng hằng ngày: người phụ trách, người kiểm tra, hạn, việc tiếp theo, bằng chứng, ghi chú. | D19: Sheet team dùng hằng ngày: người phụ trách, người kiểm tra, hạn, việc tiếp theo, bằng chứng, ghi chú. | E19: Sheet team dùng hằng ngày: người phụ trách, người kiểm tra, hạn, việc tiếp theo, bằng chứng, ghi chú. | F19: Sheet team dùng hằng ngày: người phụ trách, người kiểm tra, hạn, việc tiếp theo, bằng chứng, ghi chú. | H19: Issue kỹ thuật, đề nghị thay đổi nội dung đã chốt, note/action. | I19: Issue kỹ thuật, đề nghị thay đổi nội dung đã chốt, note/action. | J19: Issue kỹ thuật, đề nghị thay đổi nội dung đã chốt, note/action. | K19: Issue kỹ thuật, đề nghị thay đổi nội dung đã chốt, note/action. | L19: Issue kỹ thuật, đề nghị thay đổi nội dung đã chốt, note/action. | N19: Phân biệt PASS hiện tại, PASS lịch sử, chờ chạy và bị chặn. | O19: Phân biệt PASS hiện tại, PASS lịch sử, chờ chạy và bị chặn. | P19: Phân biệt PASS hiện tại, PASS lịch sử, chờ chạy và bị chặn. | Q19: Phân biệt PASS hiện tại, PASS lịch sử, chờ chạy và bị chặn. | R19: Phân biệt PASS hiện tại, PASS lịch sử, chờ chạy và bị chặn.
B20: Sheet team dùng hằng ngày: người phụ trách, người kiểm tra, hạn, việc tiếp theo, bằng chứng, ghi chú. | C20: Sheet team dùng hằng ngày: người phụ trách, người kiểm tra, hạn, việc tiếp theo, bằng chứng, ghi chú. | D20: Sheet team dùng hằng ngày: người phụ trách, người kiểm tra, hạn, việc tiếp theo, bằng chứng, ghi chú. | E20: Sheet team dùng hằng ngày: người phụ trách, người kiểm tra, hạn, việc tiếp theo, bằng chứng, ghi chú. | F20: Sheet team dùng hằng ngày: người phụ trách, người kiểm tra, hạn, việc tiếp theo, bằng chứng, ghi chú. | H20: Issue kỹ thuật, đề nghị thay đổi nội dung đã chốt, note/action. | I20: Issue kỹ thuật, đề nghị thay đổi nội dung đã chốt, note/action. | J20: Issue kỹ thuật, đề nghị thay đổi nội dung đã chốt, note/action. | K20: Issue kỹ thuật, đề nghị thay đổi nội dung đã chốt, note/action. | L20: Issue kỹ thuật, đề nghị thay đổi nội dung đã chốt, note/action. | N20: Phân biệt PASS hiện tại, PASS lịch sử, chờ chạy và bị chặn. | O20: Phân biệt PASS hiện tại, PASS lịch sử, chờ chạy và bị chặn. | P20: Phân biệt PASS hiện tại, PASS lịch sử, chờ chạy và bị chặn. | Q20: Phân biệt PASS hiện tại, PASS lịch sử, chờ chạy và bị chặn. | R20: Phân biệt PASS hiện tại, PASS lịch sử, chờ chạy và bị chặn.
B21: Dev / QA / Content / Data | C21: Dev / QA / Content / Data | D21: Dev / QA / Content / Data | E21: Dev / QA / Content / Data | F21: Dev / QA / Content / Data | H21: Tất cả mọi người | I21: Tất cả mọi người | J21: Tất cả mọi người | K21: Tất cả mọi người | L21: Tất cả mọi người | N21: QA / Lead / Owner | O21: QA / Lead / Owner | P21: QA / Lead / Owner | Q21: QA / Lead / Owner | R21: QA / Lead / Owner
B22: =HYPERLINK("#'04_CONG_VIEC'!A1","Mở Công việc →") -> Mở Công việc → | H22: =HYPERLINK("#'05_VAN_DE_THAY_DOI'!A1","Mở Vấn đề / Thay đổi →") -> Mở Vấn đề / Thay đổi → | N22: =HYPERLINK("#'06_BANG_CHUNG'!A1","Mở Bằng chứng →") -> Mở Bằng chứng →
B26: 5 QUY TẮC LÀM VIỆC | C26: 5 QUY TẮC LÀM VIỆC | D26: 5 QUY TẮC LÀM VIỆC | E26: 5 QUY TẮC LÀM VIỆC | F26: 5 QUY TẮC LÀM VIỆC | G26: 5 QUY TẮC LÀM VIỆC | H26: 5 QUY TẮC LÀM VIỆC | I26: 5 QUY TẮC LÀM VIỆC | J26: 5 QUY TẮC LÀM VIỆC | K26: 5 QUY TẮC LÀM VIỆC | L26: 5 QUY TẮC LÀM VIỆC | M26: 5 QUY TẮC LÀM VIỆC | N26: 5 QUY TẮC LÀM VIỆC | O26: 5 QUY TẮC LÀM VIỆC | P26: 5 QUY TẮC LÀM VIỆC | Q26: 5 QUY TẮC LÀM VIỆC | R26: 5 QUY TẮC LÀM VIỆC
B27: 5 QUY TẮC LÀM VIỆC | C27: 5 QUY TẮC LÀM VIỆC | D27: 5 QUY TẮC LÀM VIỆC | E27: 5 QUY TẮC LÀM VIỆC | F27: 5 QUY TẮC LÀM VIỆC | G27: 5 QUY TẮC LÀM VIỆC | H27: 5 QUY TẮC LÀM VIỆC | I27: 5 QUY TẮC LÀM VIỆC | J27: 5 QUY TẮC LÀM VIỆC | K27: 5 QUY TẮC LÀM VIỆC | L27: 5 QUY TẮC LÀM VIỆC | M27: 5 QUY TẮC LÀM VIỆC | N27: 5 QUY TẮC LÀM VIỆC | O27: 5 QUY TẮC LÀM VIỆC | P27: 5 QUY TẮC LÀM VIỆC | Q27: 5 QUY TẮC LÀM VIỆC | R27: 5 QUY TẮC LÀM VIỆC
B28: 1 | C28: Không tự sửa nội dung đã chốt. | D28: Không tự sửa nội dung đã chốt. | E28: Không tự sửa nội dung đã chốt. | F28: Không tự sửa nội dung đã chốt. | G28: Không tự sửa nội dung đã chốt. | H28: Không tự sửa nội dung đã chốt. | I28: Muốn đổi kiến trúc/business rule đã khóa → tạo Đề nghị thay đổi (Change Request). | J28: Muốn đổi kiến trúc/business rule đã khóa → tạo Đề nghị thay đổi (Change Request). | K28: Muốn đổi kiến trúc/business rule đã khóa → tạo Đề nghị thay đổi (Change Request). | L28: Muốn đổi kiến trúc/business rule đã khóa → tạo Đề nghị thay đổi (Change Request). | M28: Muốn đổi kiến trúc/business rule đã khóa → tạo Đề nghị thay đổi (Change Request). | N28: Muốn đổi kiến trúc/business rule đã khóa → tạo Đề nghị thay đổi (Change Request). | O28: Muốn đổi kiến trúc/business rule đã khóa → tạo Đề nghị thay đổi (Change Request). | P28: Muốn đổi kiến trúc/business rule đã khóa → tạo Đề nghị thay đổi (Change Request). | Q28: Muốn đổi kiến trúc/business rule đã khóa → tạo Đề nghị thay đổi (Change Request). | R28: Muốn đổi kiến trúc/business rule đã khóa → tạo Đề nghị thay đổi (Change Request).
B29: 1 | C29: Không tự sửa nội dung đã chốt. | D29: Không tự sửa nội dung đã chốt. | E29: Không tự sửa nội dung đã chốt. | F29: Không tự sửa nội dung đã chốt. | G29: Không tự sửa nội dung đã chốt. | H29: Không tự sửa nội dung đã chốt. | I29: Muốn đổi kiến trúc/business rule đã khóa → tạo Đề nghị thay đổi (Change Request). | J29: Muốn đổi kiến trúc/business rule đã khóa → tạo Đề nghị thay đổi (Change Request). | K29: Muốn đổi kiến trúc/business rule đã khóa → tạo Đề nghị thay đổi (Change Request). | L29: Muốn đổi kiến trúc/business rule đã khóa → tạo Đề nghị thay đổi (Change Request). | M29: Muốn đổi kiến trúc/business rule đã khóa → tạo Đề nghị thay đổi (Change Request). | N29: Muốn đổi kiến trúc/business rule đã khóa → tạo Đề nghị thay đổi (Change Request). | O29: Muốn đổi kiến trúc/business rule đã khóa → tạo Đề nghị thay đổi (Change Request). | P29: Muốn đổi kiến trúc/business rule đã khóa → tạo Đề nghị thay đổi (Change Request). | Q29: Muốn đổi kiến trúc/business rule đã khóa → tạo Đề nghị thay đổi (Change Request). | R29: Muốn đổi kiến trúc/business rule đã khóa → tạo Đề nghị thay đổi (Change Request).
B30: 2 | C30: Không đánh XONG chỉ vì có code. | D30: Không đánh XONG chỉ vì có code. | E30: Không đánh XONG chỉ vì có code. | F30: Không đánh XONG chỉ vì có code. | G30: Không đánh XONG chỉ vì có code. | H30: Không đánh XONG chỉ vì có code. | I30: XONG phải có bằng chứng phù hợp: test, runtime, CI hoặc review theo gate. | J30: XONG phải có bằng chứng phù hợp: test, runtime, CI hoặc review theo gate. | K30: XONG phải có bằng chứng phù hợp: test, runtime, CI hoặc review theo gate. | L30: XONG phải có bằng chứng phù hợp: test, runtime, CI hoặc review theo gate. | M30: XONG phải có bằng chứng phù hợp: test, runtime, CI hoặc review theo gate. | N30: XONG phải có bằng chứng phù hợp: test, runtime, CI hoặc review theo gate. | O30: XONG phải có bằng chứng phù hợp: test, runtime, CI hoặc review theo gate. | P30: XONG phải có bằng chứng phù hợp: test, runtime, CI hoặc review theo gate. | Q30: XONG phải có bằng chứng phù hợp: test, runtime, CI hoặc review theo gate. | R30: XONG phải có bằng chứng phù hợp: test, runtime, CI hoặc review theo gate.
B31: 2 | C31: Không đánh XONG chỉ vì có code. | D31: Không đánh XONG chỉ vì có code. | E31: Không đánh XONG chỉ vì có code. | F31: Không đánh XONG chỉ vì có code. | G31: Không đánh XONG chỉ vì có code. | H31: Không đánh XONG chỉ vì có code. | I31: XONG phải có bằng chứng phù hợp: test, runtime, CI hoặc review theo gate. | J31: XONG phải có bằng chứng phù hợp: test, runtime, CI hoặc review theo gate. | K31: XONG phải có bằng chứng phù hợp: test, runtime, CI hoặc review theo gate. | L31: XONG phải có bằng chứng phù hợp: test, runtime, CI hoặc review theo gate. | M31: XONG phải có bằng chứng phù hợp: test, runtime, CI hoặc review theo gate. | N31: XONG phải có bằng chứng phù hợp: test, runtime, CI hoặc review theo gate. | O31: XONG phải có bằng chứng phù hợp: test, runtime, CI hoặc review theo gate. | P31: XONG phải có bằng chứng phù hợp: test, runtime, CI hoặc review theo gate. | Q31: XONG phải có bằng chứng phù hợp: test, runtime, CI hoặc review theo gate. | R31: XONG phải có bằng chứng phù hợp: test, runtime, CI hoặc review theo gate.
B32: 3 | C32: Phase 2 chưa được bắt đầu chính thức. | D32: Phase 2 chưa được bắt đầu chính thức. | E32: Phase 2 chưa được bắt đầu chính thức. | F32: Phase 2 chưa được bắt đầu chính thức. | G32: Phase 2 chưa được bắt đầu chính thức. | H32: Phase 2 chưa được bắt đầu chính thức. | I32: Chỉ đủ điều kiện khi toàn bộ task bắt buộc của Phase 1 XONG. | J32: Chỉ đủ điều kiện khi toàn bộ task bắt buộc của Phase 1 XONG. | K32: Chỉ đủ điều kiện khi toàn bộ task bắt buộc của Phase 1 XONG. | L32: Chỉ đủ điều kiện khi toàn bộ task bắt buộc của Phase 1 XONG. | M32: Chỉ đủ điều kiện khi toàn bộ task bắt buộc của Phase 1 XONG. | N32: Chỉ đủ điều kiện khi toàn bộ task bắt buộc của Phase 1 XONG. | O32: Chỉ đủ điều kiện khi toàn bộ task bắt buộc của Phase 1 XONG. | P32: Chỉ đủ điều kiện khi toàn bộ task bắt buộc của Phase 1 XONG. | Q32: Chỉ đủ điều kiện khi toàn bộ task bắt buộc của Phase 1 XONG. | R32: Chỉ đủ điều kiện khi toàn bộ task bắt buộc của Phase 1 XONG.
B33: 3 | C33: Phase 2 chưa được bắt đầu chính thức. | D33: Phase 2 chưa được bắt đầu chính thức. | E33: Phase 2 chưa được bắt đầu chính thức. | F33: Phase 2 chưa được bắt đầu chính thức. | G33: Phase 2 chưa được bắt đầu chính thức. | H33: Phase 2 chưa được bắt đầu chính thức. | I33: Chỉ đủ điều kiện khi toàn bộ task bắt buộc của Phase 1 XONG. | J33: Chỉ đủ điều kiện khi toàn bộ task bắt buộc của Phase 1 XONG. | K33: Chỉ đủ điều kiện khi toàn bộ task bắt buộc của Phase 1 XONG. | L33: Chỉ đủ điều kiện khi toàn bộ task bắt buộc của Phase 1 XONG. | M33: Chỉ đủ điều kiện khi toàn bộ task bắt buộc của Phase 1 XONG. | N33: Chỉ đủ điều kiện khi toàn bộ task bắt buộc của Phase 1 XONG. | O33: Chỉ đủ điều kiện khi toàn bộ task bắt buộc của Phase 1 XONG. | P33: Chỉ đủ điều kiện khi toàn bộ task bắt buộc của Phase 1 XONG. | Q33: Chỉ đủ điều kiện khi toàn bộ task bắt buộc của Phase 1 XONG. | R33: Chỉ đủ điều kiện khi toàn bộ task bắt buộc của Phase 1 XONG.
B34: 4 | C34: Task là nguồn trạng thái hằng ngày. | D34: Task là nguồn trạng thái hằng ngày. | E34: Task là nguồn trạng thái hằng ngày. | F34: Task là nguồn trạng thái hằng ngày. | G34: Task là nguồn trạng thái hằng ngày. | H34: Task là nguồn trạng thái hằng ngày. | I34: Tổng quan và checklist Phase 1 tự đọc trạng thái từ 04_CONG_VIEC để tránh cập nhật lệch. | J34: Tổng quan và checklist Phase 1 tự đọc trạng thái từ 04_CONG_VIEC để tránh cập nhật lệch. | K34: Tổng quan và checklist Phase 1 tự đọc trạng thái từ 04_CONG_VIEC để tránh cập nhật lệch. | L34: Tổng quan và checklist Phase 1 tự đọc trạng thái từ 04_CONG_VIEC để tránh cập nhật lệch. | M34: Tổng quan và checklist Phase 1 tự đọc trạng thái từ 04_CONG_VIEC để tránh cập nhật lệch. | N34: Tổng quan và checklist Phase 1 tự đọc trạng thái từ 04_CONG_VIEC để tránh cập nhật lệch. | O34: Tổng quan và checklist Phase 1 tự đọc trạng thái từ 04_CONG_VIEC để tránh cập nhật lệch. | P34: Tổng quan và checklist Phase 1 tự đọc trạng thái từ 04_CONG_VIEC để tránh cập nhật lệch. | Q34: Tổng quan và checklist Phase 1 tự đọc trạng thái từ 04_CONG_VIEC để tránh cập nhật lệch. | R34: Tổng quan và checklist Phase 1 tự đọc trạng thái từ 04_CONG_VIEC để tránh cập nhật lệch.
B35: 4 | C35: Task là nguồn trạng thái hằng ngày. | D35: Task là nguồn trạng thái hằng ngày. | E35: Task là nguồn trạng thái hằng ngày. | F35: Task là nguồn trạng thái hằng ngày. | G35: Task là nguồn trạng thái hằng ngày. | H35: Task là nguồn trạng thái hằng ngày. | I35: Tổng quan và checklist Phase 1 tự đọc trạng thái từ 04_CONG_VIEC để tránh cập nhật lệch. | J35: Tổng quan và checklist Phase 1 tự đọc trạng thái từ 04_CONG_VIEC để tránh cập nhật lệch. | K35: Tổng quan và checklist Phase 1 tự đọc trạng thái từ 04_CONG_VIEC để tránh cập nhật lệch. | L35: Tổng quan và checklist Phase 1 tự đọc trạng thái từ 04_CONG_VIEC để tránh cập nhật lệch. | M35: Tổng quan và checklist Phase 1 tự đọc trạng thái từ 04_CONG_VIEC để tránh cập nhật lệch. | N35: Tổng quan và checklist Phase 1 tự đọc trạng thái từ 04_CONG_VIEC để tránh cập nhật lệch. | O35: Tổng quan và checklist Phase 1 tự đọc trạng thái từ 04_CONG_VIEC để tránh cập nhật lệch. | P35: Tổng quan và checklist Phase 1 tự đọc trạng thái từ 04_CONG_VIEC để tránh cập nhật lệch. | Q35: Tổng quan và checklist Phase 1 tự đọc trạng thái từ 04_CONG_VIEC để tránh cập nhật lệch. | R35: Tổng quan và checklist Phase 1 tự đọc trạng thái từ 04_CONG_VIEC để tránh cập nhật lệch.
B36: 5 | C36: Không ghi mật khẩu/token vào file. | D36: Không ghi mật khẩu/token vào file. | E36: Không ghi mật khẩu/token vào file. | F36: Không ghi mật khẩu/token vào file. | G36: Không ghi mật khẩu/token vào file. | H36: Không ghi mật khẩu/token vào file. | I36: Chỉ ghi tên biến môi trường hoặc nơi lưu secret; tuyệt đối không ghi plaintext credential. | J36: Chỉ ghi tên biến môi trường hoặc nơi lưu secret; tuyệt đối không ghi plaintext credential. | K36: Chỉ ghi tên biến môi trường hoặc nơi lưu secret; tuyệt đối không ghi plaintext credential. | L36: Chỉ ghi tên biến môi trường hoặc nơi lưu secret; tuyệt đối không ghi plaintext credential. | M36: Chỉ ghi tên biến môi trường hoặc nơi lưu secret; tuyệt đối không ghi plaintext credential. | N36: Chỉ ghi tên biến môi trường hoặc nơi lưu secret; tuyệt đối không ghi plaintext credential. | O36: Chỉ ghi tên biến môi trường hoặc nơi lưu secret; tuyệt đối không ghi plaintext credential. | P36: Chỉ ghi tên biến môi trường hoặc nơi lưu secret; tuyệt đối không ghi plaintext credential. | Q36: Chỉ ghi tên biến môi trường hoặc nơi lưu secret; tuyệt đối không ghi plaintext credential. | R36: Chỉ ghi tên biến môi trường hoặc nơi lưu secret; tuyệt đối không ghi plaintext credential.
B37: 5 | C37: Không ghi mật khẩu/token vào file. | D37: Không ghi mật khẩu/token vào file. | E37: Không ghi mật khẩu/token vào file. | F37: Không ghi mật khẩu/token vào file. | G37: Không ghi mật khẩu/token vào file. | H37: Không ghi mật khẩu/token vào file. | I37: Chỉ ghi tên biến môi trường hoặc nơi lưu secret; tuyệt đối không ghi plaintext credential. | J37: Chỉ ghi tên biến môi trường hoặc nơi lưu secret; tuyệt đối không ghi plaintext credential. | K37: Chỉ ghi tên biến môi trường hoặc nơi lưu secret; tuyệt đối không ghi plaintext credential. | L37: Chỉ ghi tên biến môi trường hoặc nơi lưu secret; tuyệt đối không ghi plaintext credential. | M37: Chỉ ghi tên biến môi trường hoặc nơi lưu secret; tuyệt đối không ghi plaintext credential. | N37: Chỉ ghi tên biến môi trường hoặc nơi lưu secret; tuyệt đối không ghi plaintext credential. | O37: Chỉ ghi tên biến môi trường hoặc nơi lưu secret; tuyệt đối không ghi plaintext credential. | P37: Chỉ ghi tên biến môi trường hoặc nơi lưu secret; tuyệt đối không ghi plaintext credential. | Q37: Chỉ ghi tên biến môi trường hoặc nơi lưu secret; tuyệt đối không ghi plaintext credential. | R37: Chỉ ghi tên biến môi trường hoặc nơi lưu secret; tuyệt đối không ghi plaintext credential.
B40: Hướng dẫn chọn sheet | C40: Hướng dẫn chọn sheet | D40: Hướng dẫn chọn sheet | E40: Hướng dẫn chọn sheet | F40: Hướng dẫn chọn sheet | G40: Hướng dẫn chọn sheet | H40: Hướng dẫn chọn sheet | I40: Hướng dẫn chọn sheet | J40: Hướng dẫn chọn sheet | K40: Hướng dẫn chọn sheet | L40: Hướng dẫn chọn sheet | M40: Hướng dẫn chọn sheet | N40: Hướng dẫn chọn sheet | O40: Hướng dẫn chọn sheet | P40: Hướng dẫn chọn sheet | Q40: Hướng dẫn chọn sheet | R40: Hướng dẫn chọn sheet
B41: Hướng dẫn chọn sheet | C41: Hướng dẫn chọn sheet | D41: Hướng dẫn chọn sheet | E41: Hướng dẫn chọn sheet | F41: Hướng dẫn chọn sheet | G41: Hướng dẫn chọn sheet | H41: Hướng dẫn chọn sheet | I41: Hướng dẫn chọn sheet | J41: Hướng dẫn chọn sheet | K41: Hướng dẫn chọn sheet | L41: Hướng dẫn chọn sheet | M41: Hướng dẫn chọn sheet | N41: Hướng dẫn chọn sheet | O41: Hướng dẫn chọn sheet | P41: Hướng dẫn chọn sheet | Q41: Hướng dẫn chọn sheet | R41: Hướng dẫn chọn sheet
B43: Dự án đang ở đâu? | C43: Dự án đang ở đâu? | D43: Dự án đang ở đâu? | E43: Dự án đang ở đâu? | F43: Dự án đang ở đâu? | G43: Dự án đang ở đâu? | H43: =HYPERLINK("#'01_TONG_QUAN'!A1","01_TONG_QUAN") -> 01_TONG_QUAN | M43: Xem phase hiện tại, blocker, tiến độ Phase 1 và thứ tự việc tiếp theo. | N43: Xem phase hiện tại, blocker, tiến độ Phase 1 và thứ tự việc tiếp theo. | O43: Xem phase hiện tại, blocker, tiến độ Phase 1 và thứ tự việc tiếp theo. | P43: Xem phase hiện tại, blocker, tiến độ Phase 1 và thứ tự việc tiếp theo. | Q43: Xem phase hiện tại, blocker, tiến độ Phase 1 và thứ tự việc tiếp theo. | R43: Xem phase hiện tại, blocker, tiến độ Phase 1 và thứ tự việc tiếp theo.
B44: Dự án đang ở đâu? | C44: Dự án đang ở đâu? | D44: Dự án đang ở đâu? | E44: Dự án đang ở đâu? | F44: Dự án đang ở đâu? | G44: Dự án đang ở đâu? | M44: Xem phase hiện tại, blocker, tiến độ Phase 1 và thứ tự việc tiếp theo. | N44: Xem phase hiện tại, blocker, tiến độ Phase 1 và thứ tự việc tiếp theo. | O44: Xem phase hiện tại, blocker, tiến độ Phase 1 và thứ tự việc tiếp theo. | P44: Xem phase hiện tại, blocker, tiến độ Phase 1 và thứ tự việc tiếp theo. | Q44: Xem phase hiện tại, blocker, tiến độ Phase 1 và thứ tự việc tiếp theo. | R44: Xem phase hiện tại, blocker, tiến độ Phase 1 và thứ tự việc tiếp theo.
B45: Dự án đang ở đâu? | C45: Dự án đang ở đâu? | D45: Dự án đang ở đâu? | E45: Dự án đang ở đâu? | F45: Dự án đang ở đâu? | G45: Dự án đang ở đâu? | M45: Xem phase hiện tại, blocker, tiến độ Phase 1 và thứ tự việc tiếp theo. | N45: Xem phase hiện tại, blocker, tiến độ Phase 1 và thứ tự việc tiếp theo. | O45: Xem phase hiện tại, blocker, tiến độ Phase 1 và thứ tự việc tiếp theo. | P45: Xem phase hiện tại, blocker, tiến độ Phase 1 và thứ tự việc tiếp theo. | Q45: Xem phase hiện tại, blocker, tiến độ Phase 1 và thứ tự việc tiếp theo. | R45: Xem phase hiện tại, blocker, tiến độ Phase 1 và thứ tự việc tiếp theo.
B46: Mingo là sản phẩm gì, nghiệp vụ ra sao? | C46: Mingo là sản phẩm gì, nghiệp vụ ra sao? | D46: Mingo là sản phẩm gì, nghiệp vụ ra sao? | E46: Mingo là sản phẩm gì, nghiệp vụ ra sao? | F46: Mingo là sản phẩm gì, nghiệp vụ ra sao? | G46: Mingo là sản phẩm gì, nghiệp vụ ra sao? | H46: =HYPERLINK("#'02_SAN_PHAM'!A1","02_SAN_PHAM") -> 02_SAN_PHAM | M46: Hiểu luồng learner, luật dễ làm sai, nội dung đã chốt/chưa chốt, V3.2. | N46: Hiểu luồng learner, luật dễ làm sai, nội dung đã chốt/chưa chốt, V3.2. | O46: Hiểu luồng learner, luật dễ làm sai, nội dung đã chốt/chưa chốt, V3.2. | P46: Hiểu luồng learner, luật dễ làm sai, nội dung đã chốt/chưa chốt, V3.2. | Q46: Hiểu luồng learner, luật dễ làm sai, nội dung đã chốt/chưa chốt, V3.2. | R46: Hiểu luồng learner, luật dễ làm sai, nội dung đã chốt/chưa chốt, V3.2.
B47: Mingo là sản phẩm gì, nghiệp vụ ra sao? | C47: Mingo là sản phẩm gì, nghiệp vụ ra sao? | D47: Mingo là sản phẩm gì, nghiệp vụ ra sao? | E47: Mingo là sản phẩm gì, nghiệp vụ ra sao? | F47: Mingo là sản phẩm gì, nghiệp vụ ra sao? | G47: Mingo là sản phẩm gì, nghiệp vụ ra sao? | M47: Hiểu luồng learner, luật dễ làm sai, nội dung đã chốt/chưa chốt, V3.2. | N47: Hiểu luồng learner, luật dễ làm sai, nội dung đã chốt/chưa chốt, V3.2. | O47: Hiểu luồng learner, luật dễ làm sai, nội dung đã chốt/chưa chốt, V3.2. | P47: Hiểu luồng learner, luật dễ làm sai, nội dung đã chốt/chưa chốt, V3.2. | Q47: Hiểu luồng learner, luật dễ làm sai, nội dung đã chốt/chưa chốt, V3.2. | R47: Hiểu luồng learner, luật dễ làm sai, nội dung đã chốt/chưa chốt, V3.2.
B48: Mingo là sản phẩm gì, nghiệp vụ ra sao? | C48: Mingo là sản phẩm gì, nghiệp vụ ra sao? | D48: Mingo là sản phẩm gì, nghiệp vụ ra sao? | E48: Mingo là sản phẩm gì, nghiệp vụ ra sao? | F48: Mingo là sản phẩm gì, nghiệp vụ ra sao? | G48: Mingo là sản phẩm gì, nghiệp vụ ra sao? | M48: Hiểu luồng learner, luật dễ làm sai, nội dung đã chốt/chưa chốt, V3.2. | N48: Hiểu luồng learner, luật dễ làm sai, nội dung đã chốt/chưa chốt, V3.2. | O48: Hiểu luồng learner, luật dễ làm sai, nội dung đã chốt/chưa chốt, V3.2. | P48: Hiểu luồng learner, luật dễ làm sai, nội dung đã chốt/chưa chốt, V3.2. | Q48: Hiểu luồng learner, luật dễ làm sai, nội dung đã chốt/chưa chốt, V3.2. | R48: Hiểu luồng learner, luật dễ làm sai, nội dung đã chốt/chưa chốt, V3.2.
B49: Toàn bộ Phase 0 → 17 là gì? | C49: Toàn bộ Phase 0 → 17 là gì? | D49: Toàn bộ Phase 0 → 17 là gì? | E49: Toàn bộ Phase 0 → 17 là gì? | F49: Toàn bộ Phase 0 → 17 là gì? | G49: Toàn bộ Phase 0 → 17 là gì? | H49: =HYPERLINK("#'03_ROADMAP'!A1","03_ROADMAP") -> 03_ROADMAP | M49: Xem mục tiêu từng phase và checklist Phase 1 được đồng bộ từ Task. | N49: Xem mục tiêu từng phase và checklist Phase 1 được đồng bộ từ Task. | O49: Xem mục tiêu từng phase và checklist Phase 1 được đồng bộ từ Task. | P49: Xem mục tiêu từng phase và checklist Phase 1 được đồng bộ từ Task. | Q49: Xem mục tiêu từng phase và checklist Phase 1 được đồng bộ từ Task. | R49: Xem mục tiêu từng phase và checklist Phase 1 được đồng bộ từ Task.
B50: Toàn bộ Phase 0 → 17 là gì? | C50: Toàn bộ Phase 0 → 17 là gì? | D50: Toàn bộ Phase 0 → 17 là gì? | E50: Toàn bộ Phase 0 → 17 là gì? | F50: Toàn bộ Phase 0 → 17 là gì? | G50: Toàn bộ Phase 0 → 17 là gì? | M50: Xem mục tiêu từng phase và checklist Phase 1 được đồng bộ từ Task. | N50: Xem mục tiêu từng phase và checklist Phase 1 được đồng bộ từ Task. | O50: Xem mục tiêu từng phase và checklist Phase 1 được đồng bộ từ Task. | P50: Xem mục tiêu từng phase và checklist Phase 1 được đồng bộ từ Task. | Q50: Xem mục tiêu từng phase và checklist Phase 1 được đồng bộ từ Task. | R50: Xem mục tiêu từng phase và checklist Phase 1 được đồng bộ từ Task.
B51: Toàn bộ Phase 0 → 17 là gì? | C51: Toàn bộ Phase 0 → 17 là gì? | D51: Toàn bộ Phase 0 → 17 là gì? | E51: Toàn bộ Phase 0 → 17 là gì? | F51: Toàn bộ Phase 0 → 17 là gì? | G51: Toàn bộ Phase 0 → 17 là gì? | M51: Xem mục tiêu từng phase và checklist Phase 1 được đồng bộ từ Task. | N51: Xem mục tiêu từng phase và checklist Phase 1 được đồng bộ từ Task. | O51: Xem mục tiêu từng phase và checklist Phase 1 được đồng bộ từ Task. | P51: Xem mục tiêu từng phase và checklist Phase 1 được đồng bộ từ Task. | Q51: Xem mục tiêu từng phase và checklist Phase 1 được đồng bộ từ Task. | R51: Xem mục tiêu từng phase và checklist Phase 1 được đồng bộ từ Task.
B52: Tôi đang phải làm task nào? | C52: Tôi đang phải làm task nào? | D52: Tôi đang phải làm task nào? | E52: Tôi đang phải làm task nào? | F52: Tôi đang phải làm task nào? | G52: Tôi đang phải làm task nào? | H52: =HYPERLINK("#'04_CONG_VIEC'!A1","04_CONG_VIEC") -> 04_CONG_VIEC | M52: Sheet team dùng hằng ngày: người phụ trách, người kiểm tra, hạn, việc tiếp theo, bằng chứng, ghi chú. | N52: Sheet team dùng hằng ngày: người phụ trách, người kiểm tra, hạn, việc tiếp theo, bằng chứng, ghi chú. | O52: Sheet team dùng hằng ngày: người phụ trách, người kiểm tra, hạn, việc tiếp theo, bằng chứng, ghi chú. | P52: Sheet team dùng hằng ngày: người phụ trách, người kiểm tra, hạn, việc tiếp theo, bằng chứng, ghi chú. | Q52: Sheet team dùng hằng ngày: người phụ trách, người kiểm tra, hạn, việc tiếp theo, bằng chứng, ghi chú. | R52: Sheet team dùng hằng ngày: người phụ trách, người kiểm tra, hạn, việc tiếp theo, bằng chứng, ghi chú.
B53: Tôi đang phải làm task nào? | C53: Tôi đang phải làm task nào? | D53: Tôi đang phải làm task nào? | E53: Tôi đang phải làm task nào? | F53: Tôi đang phải làm task nào? | G53: Tôi đang phải làm task nào? | M53: Sheet team dùng hằng ngày: người phụ trách, người kiểm tra, hạn, việc tiếp theo, bằng chứng, ghi chú. | N53: Sheet team dùng hằng ngày: người phụ trách, người kiểm tra, hạn, việc tiếp theo, bằng chứng, ghi chú. | O53: Sheet team dùng hằng ngày: người phụ trách, người kiểm tra, hạn, việc tiếp theo, bằng chứng, ghi chú. | P53: Sheet team dùng hằng ngày: người phụ trách, người kiểm tra, hạn, việc tiếp theo, bằng chứng, ghi chú. | Q53: Sheet team dùng hằng ngày: người phụ trách, người kiểm tra, hạn, việc tiếp theo, bằng chứng, ghi chú. | R53: Sheet team dùng hằng ngày: người phụ trách, người kiểm tra, hạn, việc tiếp theo, bằng chứng, ghi chú.
B54: Tôi đang phải làm task nào? | C54: Tôi đang phải làm task nào? | D54: Tôi đang phải làm task nào? | E54: Tôi đang phải làm task nào? | F54: Tôi đang phải làm task nào? | G54: Tôi đang phải làm task nào? | M54: Sheet team dùng hằng ngày: người phụ trách, người kiểm tra, hạn, việc tiếp theo, bằng chứng, ghi chú. | N54: Sheet team dùng hằng ngày: người phụ trách, người kiểm tra, hạn, việc tiếp theo, bằng chứng, ghi chú. | O54: Sheet team dùng hằng ngày: người phụ trách, người kiểm tra, hạn, việc tiếp theo, bằng chứng, ghi chú. | P54: Sheet team dùng hằng ngày: người phụ trách, người kiểm tra, hạn, việc tiếp theo, bằng chứng, ghi chú. | Q54: Sheet team dùng hằng ngày: người phụ trách, người kiểm tra, hạn, việc tiếp theo, bằng chứng, ghi chú. | R54: Sheet team dùng hằng ngày: người phụ trách, người kiểm tra, hạn, việc tiếp theo, bằng chứng, ghi chú.
B55: Có lỗi hoặc muốn đổi rule thì ghi đâu? | C55: Có lỗi hoặc muốn đổi rule thì ghi đâu? | D55: Có lỗi hoặc muốn đổi rule thì ghi đâu? | E55: Có lỗi hoặc muốn đổi rule thì ghi đâu? | F55: Có lỗi hoặc muốn đổi rule thì ghi đâu? | G55: Có lỗi hoặc muốn đổi rule thì ghi đâu? | H55: =HYPERLINK("#'05_VAN_DE_THAY_DOI'!A1","05_VAN_DE_THAY_DOI") -> 05_VAN_DE_THAY_DOI | M55: Issue kỹ thuật, đề nghị thay đổi nội dung đã chốt, note/action. | N55: Issue kỹ thuật, đề nghị thay đổi nội dung đã chốt, note/action. | O55: Issue kỹ thuật, đề nghị thay đổi nội dung đã chốt, note/action. | P55: Issue kỹ thuật, đề nghị thay đổi nội dung đã chốt, note/action. | Q55: Issue kỹ thuật, đề nghị thay đổi nội dung đã chốt, note/action. | R55: Issue kỹ thuật, đề nghị thay đổi nội dung đã chốt, note/action.
B56: Có lỗi hoặc muốn đổi rule thì ghi đâu? | C56: Có lỗi hoặc muốn đổi rule thì ghi đâu? | D56: Có lỗi hoặc muốn đổi rule thì ghi đâu? | E56: Có lỗi hoặc muốn đổi rule thì ghi đâu? | F56: Có lỗi hoặc muốn đổi rule thì ghi đâu? | G56: Có lỗi hoặc muốn đổi rule thì ghi đâu? | M56: Issue kỹ thuật, đề nghị thay đổi nội dung đã chốt, note/action. | N56: Issue kỹ thuật, đề nghị thay đổi nội dung đã chốt, note/action. | O56: Issue kỹ thuật, đề nghị thay đổi nội dung đã chốt, note/action. | P56: Issue kỹ thuật, đề nghị thay đổi nội dung đã chốt, note/action. | Q56: Issue kỹ thuật, đề nghị thay đổi nội dung đã chốt, note/action. | R56: Issue kỹ thuật, đề nghị thay đổi nội dung đã chốt, note/action.
B57: Có lỗi hoặc muốn đổi rule thì ghi đâu? | C57: Có lỗi hoặc muốn đổi rule thì ghi đâu? | D57: Có lỗi hoặc muốn đổi rule thì ghi đâu? | E57: Có lỗi hoặc muốn đổi rule thì ghi đâu? | F57: Có lỗi hoặc muốn đổi rule thì ghi đâu? | G57: Có lỗi hoặc muốn đổi rule thì ghi đâu? | M57: Issue kỹ thuật, đề nghị thay đổi nội dung đã chốt, note/action. | N57: Issue kỹ thuật, đề nghị thay đổi nội dung đã chốt, note/action. | O57: Issue kỹ thuật, đề nghị thay đổi nội dung đã chốt, note/action. | P57: Issue kỹ thuật, đề nghị thay đổi nội dung đã chốt, note/action. | Q57: Issue kỹ thuật, đề nghị thay đổi nội dung đã chốt, note/action. | R57: Issue kỹ thuật, đề nghị thay đổi nội dung đã chốt, note/action.
B58: Cái gì đã thật sự được test/run? | C58: Cái gì đã thật sự được test/run? | D58: Cái gì đã thật sự được test/run? | E58: Cái gì đã thật sự được test/run? | F58: Cái gì đã thật sự được test/run? | G58: Cái gì đã thật sự được test/run? | H58: =HYPERLINK("#'06_BANG_CHUNG'!A1","06_BANG_CHUNG") -> 06_BANG_CHUNG | M58: Phân biệt PASS hiện tại, PASS lịch sử, chờ chạy và bị chặn. | N58: Phân biệt PASS hiện tại, PASS lịch sử, chờ chạy và bị chặn. | O58: Phân biệt PASS hiện tại, PASS lịch sử, chờ chạy và bị chặn. | P58: Phân biệt PASS hiện tại, PASS lịch sử, chờ chạy và bị chặn. | Q58: Phân biệt PASS hiện tại, PASS lịch sử, chờ chạy và bị chặn. | R58: Phân biệt PASS hiện tại, PASS lịch sử, chờ chạy và bị chặn.
B59: Cái gì đã thật sự được test/run? | C59: Cái gì đã thật sự được test/run? | D59: Cái gì đã thật sự được test/run? | E59: Cái gì đã thật sự được test/run? | F59: Cái gì đã thật sự được test/run? | G59: Cái gì đã thật sự được test/run? | M59: Phân biệt PASS hiện tại, PASS lịch sử, chờ chạy và bị chặn. | N59: Phân biệt PASS hiện tại, PASS lịch sử, chờ chạy và bị chặn. | O59: Phân biệt PASS hiện tại, PASS lịch sử, chờ chạy và bị chặn. | P59: Phân biệt PASS hiện tại, PASS lịch sử, chờ chạy và bị chặn. | Q59: Phân biệt PASS hiện tại, PASS lịch sử, chờ chạy và bị chặn. | R59: Phân biệt PASS hiện tại, PASS lịch sử, chờ chạy và bị chặn.
B60: Cái gì đã thật sự được test/run? | C60: Cái gì đã thật sự được test/run? | D60: Cái gì đã thật sự được test/run? | E60: Cái gì đã thật sự được test/run? | F60: Cái gì đã thật sự được test/run? | G60: Cái gì đã thật sự được test/run? | M60: Phân biệt PASS hiện tại, PASS lịch sử, chờ chạy và bị chặn. | N60: Phân biệt PASS hiện tại, PASS lịch sử, chờ chạy và bị chặn. | O60: Phân biệt PASS hiện tại, PASS lịch sử, chờ chạy và bị chặn. | P60: Phân biệt PASS hiện tại, PASS lịch sử, chờ chạy và bị chặn. | Q60: Phân biệt PASS hiện tại, PASS lịch sử, chờ chạy và bị chặn. | R60: Phân biệt PASS hiện tại, PASS lịch sử, chờ chạy và bị chặn.
B63: TỪ NGỮ DÙNG TRONG FILE | C63: TỪ NGỮ DÙNG TRONG FILE | D63: TỪ NGỮ DÙNG TRONG FILE | E63: TỪ NGỮ DÙNG TRONG FILE | F63: TỪ NGỮ DÙNG TRONG FILE | G63: TỪ NGỮ DÙNG TRONG FILE | H63: TỪ NGỮ DÙNG TRONG FILE | I63: TỪ NGỮ DÙNG TRONG FILE | J63: TỪ NGỮ DÙNG TRONG FILE | K63: TỪ NGỮ DÙNG TRONG FILE | L63: TỪ NGỮ DÙNG TRONG FILE | M63: TỪ NGỮ DÙNG TRONG FILE | N63: TỪ NGỮ DÙNG TRONG FILE | O63: TỪ NGỮ DÙNG TRONG FILE | P63: TỪ NGỮ DÙNG TRONG FILE | Q63: TỪ NGỮ DÙNG TRONG FILE | R63: TỪ NGỮ DÙNG TRONG FILE
B64: TỪ NGỮ DÙNG TRONG FILE | C64: TỪ NGỮ DÙNG TRONG FILE | D64: TỪ NGỮ DÙNG TRONG FILE | E64: TỪ NGỮ DÙNG TRONG FILE | F64: TỪ NGỮ DÙNG TRONG FILE | G64: TỪ NGỮ DÙNG TRONG FILE | H64: TỪ NGỮ DÙNG TRONG FILE | I64: TỪ NGỮ DÙNG TRONG FILE | J64: TỪ NGỮ DÙNG TRONG FILE | K64: TỪ NGỮ DÙNG TRONG FILE | L64: TỪ NGỮ DÙNG TRONG FILE | M64: TỪ NGỮ DÙNG TRONG FILE | N64: TỪ NGỮ DÙNG TRONG FILE | O64: TỪ NGỮ DÙNG TRONG FILE | P64: TỪ NGỮ DÙNG TRONG FILE | Q64: TỪ NGỮ DÙNG TRONG FILE | R64: TỪ NGỮ DÙNG TRONG FILE
B65: Phase | C65: Phase | D65: Phase | E65: Phase | F65: Phase | G65: Phase | H65: Giai đoạn phát triển có mục tiêu và điều kiện hoàn thành riêng. | I65: Giai đoạn phát triển có mục tiêu và điều kiện hoàn thành riêng. | J65: Giai đoạn phát triển có mục tiêu và điều kiện hoàn thành riêng. | K65: Giai đoạn phát triển có mục tiêu và điều kiện hoàn thành riêng. | L65: Giai đoạn phát triển có mục tiêu và điều kiện hoàn thành riêng. | M65: Giai đoạn phát triển có mục tiêu và điều kiện hoàn thành riêng. | N65: Giai đoạn phát triển có mục tiêu và điều kiện hoàn thành riêng. | O65: Giai đoạn phát triển có mục tiêu và điều kiện hoàn thành riêng. | P65: Giai đoạn phát triển có mục tiêu và điều kiện hoàn thành riêng. | Q65: Giai đoạn phát triển có mục tiêu và điều kiện hoàn thành riêng. | R65: Giai đoạn phát triển có mục tiêu và điều kiện hoàn thành riêng.
B66: Phase | C66: Phase | D66: Phase | E66: Phase | F66: Phase | G66: Phase | H66: Giai đoạn phát triển có mục tiêu và điều kiện hoàn thành riêng. | I66: Giai đoạn phát triển có mục tiêu và điều kiện hoàn thành riêng. | J66: Giai đoạn phát triển có mục tiêu và điều kiện hoàn thành riêng. | K66: Giai đoạn phát triển có mục tiêu và điều kiện hoàn thành riêng. | L66: Giai đoạn phát triển có mục tiêu và điều kiện hoàn thành riêng. | M66: Giai đoạn phát triển có mục tiêu và điều kiện hoàn thành riêng. | N66: Giai đoạn phát triển có mục tiêu và điều kiện hoàn thành riêng. | O66: Giai đoạn phát triển có mục tiêu và điều kiện hoàn thành riêng. | P66: Giai đoạn phát triển có mục tiêu và điều kiện hoàn thành riêng. | Q66: Giai đoạn phát triển có mục tiêu và điều kiện hoàn thành riêng. | R66: Giai đoạn phát triển có mục tiêu và điều kiện hoàn thành riêng.
B67: Gate | C67: Gate | D67: Gate | E67: Gate | F67: Gate | G67: Gate | H67: Điều kiện bắt buộc phải đạt trước khi được coi phase đã hoàn thành. | I67: Điều kiện bắt buộc phải đạt trước khi được coi phase đã hoàn thành. | J67: Điều kiện bắt buộc phải đạt trước khi được coi phase đã hoàn thành. | K67: Điều kiện bắt buộc phải đạt trước khi được coi phase đã hoàn thành. | L67: Điều kiện bắt buộc phải đạt trước khi được coi phase đã hoàn thành. | M67: Điều kiện bắt buộc phải đạt trước khi được coi phase đã hoàn thành. | N67: Điều kiện bắt buộc phải đạt trước khi được coi phase đã hoàn thành. | O67: Điều kiện bắt buộc phải đạt trước khi được coi phase đã hoàn thành. | P67: Điều kiện bắt buộc phải đạt trước khi được coi phase đã hoàn thành. | Q67: Điều kiện bắt buộc phải đạt trước khi được coi phase đã hoàn thành. | R67: Điều kiện bắt buộc phải đạt trước khi được coi phase đã hoàn thành.
B68: Gate | C68: Gate | D68: Gate | E68: Gate | F68: Gate | G68: Gate | H68: Điều kiện bắt buộc phải đạt trước khi được coi phase đã hoàn thành. | I68: Điều kiện bắt buộc phải đạt trước khi được coi phase đã hoàn thành. | J68: Điều kiện bắt buộc phải đạt trước khi được coi phase đã hoàn thành. | K68: Điều kiện bắt buộc phải đạt trước khi được coi phase đã hoàn thành. | L68: Điều kiện bắt buộc phải đạt trước khi được coi phase đã hoàn thành. | M68: Điều kiện bắt buộc phải đạt trước khi được coi phase đã hoàn thành. | N68: Điều kiện bắt buộc phải đạt trước khi được coi phase đã hoàn thành. | O68: Điều kiện bắt buộc phải đạt trước khi được coi phase đã hoàn thành. | P68: Điều kiện bắt buộc phải đạt trước khi được coi phase đã hoàn thành. | Q68: Điều kiện bắt buộc phải đạt trước khi được coi phase đã hoàn thành. | R68: Điều kiện bắt buộc phải đạt trước khi được coi phase đã hoàn thành.
B69: Blocker / Bị chặn | C69: Blocker / Bị chặn | D69: Blocker / Bị chặn | E69: Blocker / Bị chặn | F69: Blocker / Bị chặn | G69: Blocker / Bị chặn | H69: Vướng mắc khiến task/gate chưa thể hoàn thành. | I69: Vướng mắc khiến task/gate chưa thể hoàn thành. | J69: Vướng mắc khiến task/gate chưa thể hoàn thành. | K69: Vướng mắc khiến task/gate chưa thể hoàn thành. | L69: Vướng mắc khiến task/gate chưa thể hoàn thành. | M69: Vướng mắc khiến task/gate chưa thể hoàn thành. | N69: Vướng mắc khiến task/gate chưa thể hoàn thành. | O69: Vướng mắc khiến task/gate chưa thể hoàn thành. | P69: Vướng mắc khiến task/gate chưa thể hoàn thành. | Q69: Vướng mắc khiến task/gate chưa thể hoàn thành. | R69: Vướng mắc khiến task/gate chưa thể hoàn thành.
B70: Blocker / Bị chặn | C70: Blocker / Bị chặn | D70: Blocker / Bị chặn | E70: Blocker / Bị chặn | F70: Blocker / Bị chặn | G70: Blocker / Bị chặn | H70: Vướng mắc khiến task/gate chưa thể hoàn thành. | I70: Vướng mắc khiến task/gate chưa thể hoàn thành. | J70: Vướng mắc khiến task/gate chưa thể hoàn thành. | K70: Vướng mắc khiến task/gate chưa thể hoàn thành. | L70: Vướng mắc khiến task/gate chưa thể hoàn thành. | M70: Vướng mắc khiến task/gate chưa thể hoàn thành. | N70: Vướng mắc khiến task/gate chưa thể hoàn thành. | O70: Vướng mắc khiến task/gate chưa thể hoàn thành. | P70: Vướng mắc khiến task/gate chưa thể hoàn thành. | Q70: Vướng mắc khiến task/gate chưa thể hoàn thành. | R70: Vướng mắc khiến task/gate chưa thể hoàn thành.
B71: Evidence / Bằng chứng | C71: Evidence / Bằng chứng | D71: Evidence / Bằng chứng | E71: Evidence / Bằng chứng | F71: Evidence / Bằng chứng | G71: Evidence / Bằng chứng | H71: Kết quả test, log, runtime, CI, artifact hoặc review chứng minh một claim. | I71: Kết quả test, log, runtime, CI, artifact hoặc review chứng minh một claim. | J71: Kết quả test, log, runtime, CI, artifact hoặc review chứng minh một claim. | K71: Kết quả test, log, runtime, CI, artifact hoặc review chứng minh một claim. | L71: Kết quả test, log, runtime, CI, artifact hoặc review chứng minh một claim. | M71: Kết quả test, log, runtime, CI, artifact hoặc review chứng minh một claim. | N71: Kết quả test, log, runtime, CI, artifact hoặc review chứng minh một claim. | O71: Kết quả test, log, runtime, CI, artifact hoặc review chứng minh một claim. | P71: Kết quả test, log, runtime, CI, artifact hoặc review chứng minh một claim. | Q71: Kết quả test, log, runtime, CI, artifact hoặc review chứng minh một claim. | R71: Kết quả test, log, runtime, CI, artifact hoặc review chứng minh một claim.
B72: Evidence / Bằng chứng | C72: Evidence / Bằng chứng | D72: Evidence / Bằng chứng | E72: Evidence / Bằng chứng | F72: Evidence / Bằng chứng | G72: Evidence / Bằng chứng | H72: Kết quả test, log, runtime, CI, artifact hoặc review chứng minh một claim. | I72: Kết quả test, log, runtime, CI, artifact hoặc review chứng minh một claim. | J72: Kết quả test, log, runtime, CI, artifact hoặc review chứng minh một claim. | K72: Kết quả test, log, runtime, CI, artifact hoặc review chứng minh một claim. | L72: Kết quả test, log, runtime, CI, artifact hoặc review chứng minh một claim. | M72: Kết quả test, log, runtime, CI, artifact hoặc review chứng minh một claim. | N72: Kết quả test, log, runtime, CI, artifact hoặc review chứng minh một claim. | O72: Kết quả test, log, runtime, CI, artifact hoặc review chứng minh một claim. | P72: Kết quả test, log, runtime, CI, artifact hoặc review chứng minh một claim. | Q72: Kết quả test, log, runtime, CI, artifact hoặc review chứng minh một claim. | R72: Kết quả test, log, runtime, CI, artifact hoặc review chứng minh một claim.
B73: Issue / Vấn đề | C73: Issue / Vấn đề | D73: Issue / Vấn đề | E73: Issue / Vấn đề | F73: Issue / Vấn đề | G73: Issue / Vấn đề | H73: Bug, lỗi runtime, thiếu tooling, thiếu credential hoặc ambiguity cần xử lý. | I73: Bug, lỗi runtime, thiếu tooling, thiếu credential hoặc ambiguity cần xử lý. | J73: Bug, lỗi runtime, thiếu tooling, thiếu credential hoặc ambiguity cần xử lý. | K73: Bug, lỗi runtime, thiếu tooling, thiếu credential hoặc ambiguity cần xử lý. | L73: Bug, lỗi runtime, thiếu tooling, thiếu credential hoặc ambiguity cần xử lý. | M73: Bug, lỗi runtime, thiếu tooling, thiếu credential hoặc ambiguity cần xử lý. | N73: Bug, lỗi runtime, thiếu tooling, thiếu credential hoặc ambiguity cần xử lý. | O73: Bug, lỗi runtime, thiếu tooling, thiếu credential hoặc ambiguity cần xử lý. | P73: Bug, lỗi runtime, thiếu tooling, thiếu credential hoặc ambiguity cần xử lý. | Q73: Bug, lỗi runtime, thiếu tooling, thiếu credential hoặc ambiguity cần xử lý. | R73: Bug, lỗi runtime, thiếu tooling, thiếu credential hoặc ambiguity cần xử lý.
B74: Issue / Vấn đề | C74: Issue / Vấn đề | D74: Issue / Vấn đề | E74: Issue / Vấn đề | F74: Issue / Vấn đề | G74: Issue / Vấn đề | H74: Bug, lỗi runtime, thiếu tooling, thiếu credential hoặc ambiguity cần xử lý. | I74: Bug, lỗi runtime, thiếu tooling, thiếu credential hoặc ambiguity cần xử lý. | J74: Bug, lỗi runtime, thiếu tooling, thiếu credential hoặc ambiguity cần xử lý. | K74: Bug, lỗi runtime, thiếu tooling, thiếu credential hoặc ambiguity cần xử lý. | L74: Bug, lỗi runtime, thiếu tooling, thiếu credential hoặc ambiguity cần xử lý. | M74: Bug, lỗi runtime, thiếu tooling, thiếu credential hoặc ambiguity cần xử lý. | N74: Bug, lỗi runtime, thiếu tooling, thiếu credential hoặc ambiguity cần xử lý. | O74: Bug, lỗi runtime, thiếu tooling, thiếu credential hoặc ambiguity cần xử lý. | P74: Bug, lỗi runtime, thiếu tooling, thiếu credential hoặc ambiguity cần xử lý. | Q74: Bug, lỗi runtime, thiếu tooling, thiếu credential hoặc ambiguity cần xử lý. | R74: Bug, lỗi runtime, thiếu tooling, thiếu credential hoặc ambiguity cần xử lý.
... B80: Telemetry | C80: Telemetry | D80: Telemetry | E80: Telemetry | F80: Telemetry | G80: Telemetry | H80: Dữ liệu quan sát hành vi như nghe audio, mở hint, xem màn hình; không tự quyết canonical score. | I80: Dữ liệu quan sát hành vi như nghe audio, mở hint, xem màn hình; không tự quyết canonical score. | J80: Dữ liệu quan sát hành vi như nghe audio, mở hint, xem màn hình; không tự quyết canonical score. | K80: Dữ liệu quan sát hành vi như nghe audio, mở hint, xem màn hình; không tự quyết canonical score. | L80: Dữ liệu quan sát hành vi như nghe audio, mở hint, xem màn hình; không tự quyết canonical score. | M80: Dữ liệu quan sát hành vi như nghe audio, mở hint, xem màn hình; không tự quyết canonical score. | N80: Dữ liệu quan sát hành vi như nghe audio, mở hint, xem màn hình; không tự quyết canonical score. | O80: Dữ liệu quan sát hành vi như nghe audio, mở hint, xem màn hình; không tự quyết canonical score. | P80: Dữ liệu quan sát hành vi như nghe audio, mở hint, xem màn hình; không tự quyết canonical score. | Q80: Dữ liệu quan sát hành vi như nghe audio, mở hint, xem màn hình; không tự quyết canonical score. | R80: Dữ liệu quan sát hành vi như nghe audio, mở hint, xem màn hình; không tự quyết canonical score.

Sheet 01_TONG_QUAN
B2: Tổng quan dự án MINGO | C2: Tổng quan dự án MINGO | D2: Tổng quan dự án MINGO | E2: Tổng quan dự án MINGO | F2: Tổng quan dự án MINGO | G2: Tổng quan dự án MINGO | H2: Tổng quan dự án MINGO | I2: Tổng quan dự án MINGO | J2: Tổng quan dự án MINGO | K2: Tổng quan dự án MINGO | L2: Tổng quan dự án MINGO | M2: Tổng quan dự án MINGO | N2: Tổng quan dự án MINGO | O2: Tổng quan dự án MINGO | P2: Tổng quan dự án MINGO | Q2: Tổng quan dự án MINGO | R2: Tổng quan dự án MINGO
B3: Tổng quan dự án MINGO | C3: Tổng quan dự án MINGO | D3: Tổng quan dự án MINGO | E3: Tổng quan dự án MINGO | F3: Tổng quan dự án MINGO | G3: Tổng quan dự án MINGO | H3: Tổng quan dự án MINGO | I3: Tổng quan dự án MINGO | J3: Tổng quan dự án MINGO | K3: Tổng quan dự án MINGO | L3: Tổng quan dự án MINGO | M3: Tổng quan dự án MINGO | N3: Tổng quan dự án MINGO | O3: Tổng quan dự án MINGO | P3: Tổng quan dự án MINGO | Q3: Tổng quan dự án MINGO | R3: Tổng quan dự án MINGO
B4: Mingo — Adaptive Language Learning & Early Intervention Platform | C4: Mingo — Adaptive Language Learning & Early Intervention Platform | D4: Mingo — Adaptive Language Learning & Early Intervention Platform | E4: Mingo — Adaptive Language Learning & Early Intervention Platform | F4: Mingo — Adaptive Language Learning & Early Intervention Platform | G4: Mingo — Adaptive Language Learning & Early Intervention Platform | H4: Mingo — Adaptive Language Learning & Early Intervention Platform | I4: Mingo — Adaptive Language Learning & Early Intervention Platform | J4: Mingo — Adaptive Language Learning & Early Intervention Platform | K4: Mingo — Adaptive Language Learning & Early Intervention Platform | L4: Mingo — Adaptive Language Learning & Early Intervention Platform | M4: Mingo — Adaptive Language Learning & Early Intervention Platform | N4: Mingo — Adaptive Language Learning & Early Intervention Platform | O4: Mingo — Adaptive Language Learning & Early Intervention Platform | P4: Mingo — Adaptive Language Learning & Early Intervention Platform | Q4: Mingo — Adaptive Language Learning & Early Intervention Platform | R4: Mingo — Adaptive Language Learning & Early Intervention Platform
B6: PHASE HIỆN TẠI | C6: PHASE HIỆN TẠI | D6: PHASE HIỆN TẠI | E6: PHASE HIỆN TẠI | G6: TASK PHASE 1 ĐÃ XONG | H6: TASK PHASE 1 ĐÃ XONG | I6: TASK PHASE 1 ĐÃ XONG | J6: TASK PHASE 1 ĐÃ XONG | L6: NHÓM BỊ CHẶN | M6: NHÓM BỊ CHẶN | N6: NHÓM BỊ CHẶN | P6: TASK ĐANG LÀM | Q6: TASK ĐANG LÀM | R6: TASK ĐANG LÀM
B7: Phase 1 | C7: Phase 1 | D7: Phase 1 | E7: Phase 1 | G7: =COUNTIFS('04_CONG_VIEC'!$B$5:$B$200,"P1",'04_CONG_VIEC'!$F$5:$F$200,"XONG")/COUNTIF('04_CONG_VIEC'!$B$5:$B$200,"P1") -> 0 | L7: =COUNTIFS(E20:E25,"BỊ CHẶN") -> 5 | P7: =COUNTIFS('04_CONG_VIEC'!$F$5:$F$200,"ĐANG LÀM") -> 1
B8: Phase 1 | C8: Phase 1 | D8: Phase 1 | E8: Phase 1
B9: Nền tảng triển khai | C9: Nền tảng triển khai | D9: Nền tảng triển khai | E9: Nền tảng triển khai | G9: Tiến độ theo trạng thái task | H9: Tiến độ theo trạng thái task | I9: Tiến độ theo trạng thái task | J9: Tiến độ theo trạng thái task | L9: Đọc từ nhóm blocker | M9: Đọc từ nhóm blocker | N9: Đọc từ nhóm blocker | P9: Toàn bộ công việc | Q9: Toàn bộ công việc | R9: Toàn bộ công việc
B10: Nền tảng triển khai | C10: Nền tảng triển khai | D10: Nền tảng triển khai | E10: Nền tảng triển khai | G10: Tiến độ theo trạng thái task | H10: Tiến độ theo trạng thái task | I10: Tiến độ theo trạng thái task | J10: Tiến độ theo trạng thái task | L10: Đọc từ nhóm blocker | M10: Đọc từ nhóm blocker | N10: Đọc từ nhóm blocker | P10: Toàn bộ công việc | Q10: Toàn bộ công việc | R10: Toàn bộ công việc
B12: Mục tiêu chính | C12: Mục tiêu chính | D12: Mục tiêu chính | E12: Mục tiêu chính | F12: Mục tiêu chính | G12: Mục tiêu chính | H12: Mục tiêu chính | I12: Mục tiêu chính | K12: Phase 1 — Nền tảng triển khai (Implementation Foundation) | L12: Phase 1 — Nền tảng triển khai (Implementation Foundation) | M12: Phase 1 — Nền tảng triển khai (Implementation Foundation) | N12: Phase 1 — Nền tảng triển khai (Implementation Foundation) | O12: Phase 1 — Nền tảng triển khai (Implementation Foundation) | P12: Phase 1 — Nền tảng triển khai (Implementation Foundation) | Q12: Phase 1 — Nền tảng triển khai (Implementation Foundation) | R12: Phase 1 — Nền tảng triển khai (Implementation Foundation)
B13: Xây sản phẩm học ngôn ngữ hoàn chỉnh: học tập → offline → dữ liệu → intelligence → risk → recommendation → staff → production. | C13: Xây sản phẩm học ngôn ngữ hoàn chỉnh: học tập → offline → dữ liệu → intelligence → risk → recommendation → staff → production. | D13: Xây sản phẩm học ngôn ngữ hoàn chỉnh: học tập → offline → dữ liệu → intelligence → risk → recommendation → staff → production. | E13: Xây sản phẩm học ngôn ngữ hoàn chỉnh: học tập → offline → dữ liệu → intelligence → risk → recommendation → staff → production. | F13: Xây sản phẩm học ngôn ngữ hoàn chỉnh: học tập → offline → dữ liệu → intelligence → risk → recommendation → staff → production. | G13: Xây sản phẩm học ngôn ngữ hoàn chỉnh: học tập → offline → dữ liệu → intelligence → risk → recommendation → staff → production. | H13: Xây sản phẩm học ngôn ngữ hoàn chỉnh: học tập → offline → dữ liệu → intelligence → risk → recommendation → staff → production. | I13: Xây sản phẩm học ngôn ngữ hoàn chỉnh: học tập → offline → dữ liệu → intelligence → risk → recommendation → staff → production. | K13: Trạng thái | L13: Trạng thái | M13: Trạng thái | N13: =IF(COUNTIFS('04_CONG_VIEC'!$B$5:$B$200,"P1",'04_CONG_VIEC'!$F$5:$F$200,"<>XONG")=0,"XONG","ĐANG LÀM") -> ĐANG LÀM
B14: Xây sản phẩm học ngôn ngữ hoàn chỉnh: học tập → offline → dữ liệu → intelligence → risk → recommendation → staff → production. | C14: Xây sản phẩm học ngôn ngữ hoàn chỉnh: học tập → offline → dữ liệu → intelligence → risk → recommendation → staff → production. | D14: Xây sản phẩm học ngôn ngữ hoàn chỉnh: học tập → offline → dữ liệu → intelligence → risk → recommendation → staff → production. | E14: Xây sản phẩm học ngôn ngữ hoàn chỉnh: học tập → offline → dữ liệu → intelligence → risk → recommendation → staff → production. | F14: Xây sản phẩm học ngôn ngữ hoàn chỉnh: học tập → offline → dữ liệu → intelligence → risk → recommendation → staff → production. | G14: Xây sản phẩm học ngôn ngữ hoàn chỉnh: học tập → offline → dữ liệu → intelligence → risk → recommendation → staff → production. | H14: Xây sản phẩm học ngôn ngữ hoàn chỉnh: học tập → offline → dữ liệu → intelligence → risk → recommendation → staff → production. | I14: Xây sản phẩm học ngôn ngữ hoàn chỉnh: học tập → offline → dữ liệu → intelligence → risk → recommendation → staff → production. | K14: Gate Phase 1 | L14: Gate Phase 1 | M14: Gate Phase 1 | N14: =IF(COUNTIFS('04_CONG_VIEC'!$B$5:$B$200,"P1",'04_CONG_VIEC'!$F$5:$F$200,"<>XONG")=0,"ĐÃ PASS","CHƯA PASS") -> CHƯA PASS
B15: Xây sản phẩm học ngôn ngữ hoàn chỉnh: học tập → offline → dữ liệu → intelligence → risk → recommendation → staff → production. | C15: Xây sản phẩm học ngôn ngữ hoàn chỉnh: học tập → offline → dữ liệu → intelligence → risk → recommendation → staff → production. | D15: Xây sản phẩm học ngôn ngữ hoàn chỉnh: học tập → offline → dữ liệu → intelligence → risk → recommendation → staff → production. | E15: Xây sản phẩm học ngôn ngữ hoàn chỉnh: học tập → offline → dữ liệu → intelligence → risk → recommendation → staff → production. | F15: Xây sản phẩm học ngôn ngữ hoàn chỉnh: học tập → offline → dữ liệu → intelligence → risk → recommendation → staff → production. | G15: Xây sản phẩm học ngôn ngữ hoàn chỉnh: học tập → offline → dữ liệu → intelligence → risk → recommendation → staff → production. | H15: Xây sản phẩm học ngôn ngữ hoàn chỉnh: học tập → offline → dữ liệu → intelligence → risk → recommendation → staff → production. | I15: Xây sản phẩm học ngôn ngữ hoàn chỉnh: học tập → offline → dữ liệu → intelligence → risk → recommendation → staff → production. | K15: Phase 2 | L15: Phase 2 | M15: Phase 2 | N15: =IF(N14="ĐÃ PASS","ĐỦ ĐIỀU KIỆN LẬP PHASE 2","CHƯA ĐƯỢC BẮT ĐẦU CHÍNH THỨC") -> CHƯA ĐƯỢC BẮT ĐẦU CHÍNH THỨC
B16: Xây sản phẩm học ngôn ngữ hoàn chỉnh: học tập → offline → dữ liệu → intelligence → risk → recommendation → staff → production. | C16: Xây sản phẩm học ngôn ngữ hoàn chỉnh: học tập → offline → dữ liệu → intelligence → risk → recommendation → staff → production. | D16: Xây sản phẩm học ngôn ngữ hoàn chỉnh: học tập → offline → dữ liệu → intelligence → risk → recommendation → staff → production. | E16: Xây sản phẩm học ngôn ngữ hoàn chỉnh: học tập → offline → dữ liệu → intelligence → risk → recommendation → staff → production. | F16: Xây sản phẩm học ngôn ngữ hoàn chỉnh: học tập → offline → dữ liệu → intelligence → risk → recommendation → staff → production. | G16: Xây sản phẩm học ngôn ngữ hoàn chỉnh: học tập → offline → dữ liệu → intelligence → risk → recommendation → staff → production. | H16: Xây sản phẩm học ngôn ngữ hoàn chỉnh: học tập → offline → dữ liệu → intelligence → risk → recommendation → staff → production. | I16: Xây sản phẩm học ngôn ngữ hoàn chỉnh: học tập → offline → dữ liệu → intelligence → risk → recommendation → staff → production. | K16: Phase 0 | L16: Phase 0 | M16: Phase 0 | N16: XONG — V3.2.0 là baseline chuẩn của Phase 0 | O16: XONG — V3.2.0 là baseline chuẩn của Phase 0 | P16: XONG — V3.2.0 là baseline chuẩn của Phase 0 | Q16: XONG — V3.2.0 là baseline chuẩn của Phase 0 | R16: XONG — V3.2.0 là baseline chuẩn của Phase 0
B18: CÁC BLOCKER CHÍNH — TỰ ĐỒNG ĐỌC TỪ TASK | C18: CÁC BLOCKER CHÍNH — TỰ ĐỒNG ĐỌC TỪ TASK | D18: CÁC BLOCKER CHÍNH — TỰ ĐỒNG ĐỌC TỪ TASK | E18: CÁC BLOCKER CHÍNH — TỰ ĐỒNG ĐỌC TỪ TASK | F18: CÁC BLOCKER CHÍNH — TỰ ĐỒNG ĐỌC TỪ TASK | G18: CÁC BLOCKER CHÍNH — TỰ ĐỒNG ĐỌC TỪ TASK | H18: CÁC BLOCKER CHÍNH — TỰ ĐỒNG ĐỌC TỪ TASK | I18: CÁC BLOCKER CHÍNH — TỰ ĐỒNG ĐỌC TỪ TASK | J18: CÁC BLOCKER CHÍNH — TỰ ĐỒNG ĐỌC TỪ TASK | K18: CÁC BLOCKER CHÍNH — TỰ ĐỒNG ĐỌC TỪ TASK | L18: CÁC BLOCKER CHÍNH — TỰ ĐỒNG ĐỌC TỪ TASK | M18: CÁC BLOCKER CHÍNH — TỰ ĐỒNG ĐỌC TỪ TASK | N18: CÁC BLOCKER CHÍNH — TỰ ĐỒNG ĐỌC TỪ TASK | O18: CÁC BLOCKER CHÍNH — TỰ ĐỒNG ĐỌC TỪ TASK | P18: CÁC BLOCKER CHÍNH — TỰ ĐỒNG ĐỌC TỪ TASK | Q18: CÁC BLOCKER CHÍNH — TỰ ĐỒNG ĐỌC TỪ TASK | R18: CÁC BLOCKER CHÍNH — TỰ ĐỒNG ĐỌC TỪ TASK
B19: Nhóm | C19: Nhóm | D19: Nhóm | E19: Trạng thái | F19: Trạng thái | G19: Trạng thái | H19: Việc tiếp theo | I19: Việc tiếp theo | J19: Việc tiếp theo | K19: Việc tiếp theo | L19: Việc tiếp theo | M19: Việc tiếp theo | N19: Việc tiếp theo | O19: Task nguồn | P19: Task nguồn | Q19: Task nguồn | R19: Task nguồn
B20: V3.2 original | C20: V3.2 original | D20: V3.2 original | E20: =IF(AND(VLOOKUP("P1-T001",'04_CONG_VIEC'!$A$5:$F$200,6,FALSE)="XONG",VLOOKUP("P1-T002",'04_CONG_VIEC'!$A$5:$F$200,6,FALSE)="XONG",VLOOKUP("P1-T003",'04_CONG_VIEC'!$A$5:$F$200,6,FALSE)="XONG"),"XONG",IF(OR(VLOOKUP("P1-T001",'04_CONG_VIEC'!$A$5:$F$200,6,FALSE)="BỊ CHẶN",VLOOKUP("P1-T002",'04_CONG_VIEC'!$A$5:$F$200,6,FALSE)="BỊ CHẶN",VLOOKUP("P1-T003",'04_CONG_VIEC'!$A$5:$F$200,6,FALSE)="BỊ CHẶN"),"BỊ CHẶN","ĐANG LÀM")) -> ĐANG LÀM | H20: Import exact package + rerun 115 contract + 22 SQL. | I20: Import exact package + rerun 115 contract + 22 SQL. | J20: Import exact package + rerun 115 contract + 22 SQL. | K20: Import exact package + rerun 115 contract + 22 SQL. | L20: Import exact package + rerun 115 contract + 22 SQL. | M20: Import exact package + rerun 115 contract + 22 SQL. | N20: Import exact package + rerun 115 contract + 22 SQL. | O20: P1-T001..T003 | P20: P1-T001..T003 | Q20: P1-T001..T003 | R20: P1-T001..T003
B21: PostgreSQL | C21: PostgreSQL | D21: PostgreSQL | E21: =IF(AND(VLOOKUP("P1-T005",'04_CONG_VIEC'!$A$5:$F$200,6,FALSE)="XONG",VLOOKUP("P1-T006",'04_CONG_VIEC'!$A$5:$F$200,6,FALSE)="XONG"),"XONG",IF(OR(VLOOKUP("P1-T005",'04_CONG_VIEC'!$A$5:$F$200,6,FALSE)="BỊ CHẶN",VLOOKUP("P1-T006",'04_CONG_VIEC'!$A$5:$F$200,6,FALSE)="BỊ CHẶN"),"BỊ CHẶN","CHỜ")) -> BỊ CHẶN | H21: Provision/access DB → migration → 6 DB tests. | I21: Provision/access DB → migration → 6 DB tests. | J21: Provision/access DB → migration → 6 DB tests. | K21: Provision/access DB → migration → 6 DB tests. | L21: Provision/access DB → migration → 6 DB tests. | M21: Provision/access DB → migration → 6 DB tests. | N21: Provision/access DB → migration → 6 DB tests. | O21: P1-T005..T006 | P21: P1-T005..T006 | Q21: P1-T005..T006 | R21: P1-T005..T006
B22: API + Worker | C22: API + Worker | D22: API + Worker | E22: =VLOOKUP("P1-T007",'04_CONG_VIEC'!$A$5:$F$200,6,FALSE) -> BỊ CHẶN | H22: DB khỏe → /ready=200 → worker probe PASS. | I22: DB khỏe → /ready=200 → worker probe PASS. | J22: DB khỏe → /ready=200 → worker probe PASS. | K22: DB khỏe → /ready=200 → worker probe PASS. | L22: DB khỏe → /ready=200 → worker probe PASS. | M22: DB khỏe → /ready=200 → worker probe PASS. | N22: DB khỏe → /ready=200 → worker probe PASS. | O22: P1-T007 | P22: P1-T007 | Q22: P1-T007 | R22: P1-T007
B23: Flutter learner/staff | C23: Flutter learner/staff | D23: Flutter learner/staff | E23: =IF(AND(VLOOKUP("P1-T009",'04_CONG_VIEC'!$A$5:$F$200,6,FALSE)="XONG",VLOOKUP("P1-T010",'04_CONG_VIEC'!$A$5:$F$200,6,FALSE)="XONG"),"XONG",IF(OR(VLOOKUP("P1-T008",'04_CONG_VIEC'!$A$5:$F$200,6,FALSE)="BỊ CHẶN",VLOOKUP("P1-T009",'04_CONG_VIEC'!$A$5:$F$200,6,FALSE)="BỊ CHẶN",VLOOKUP("P1-T010",'04_CONG_VIEC'!$A$5:$F$200,6,FALSE)="BỊ CHẶN"),"BỊ CHẶN","CHỜ")) -> BỊ CHẶN | H23: Toolchain → learner Android boot + staff Web boot. | I23: Toolchain → learner Android boot + staff Web boot. | J23: Toolchain → learner Android boot + staff Web boot. | K23: Toolchain → learner Android boot + staff Web boot. | L23: Toolchain → learner Android boot + staff Web boot. | M23: Toolchain → learner Android boot + staff Web boot. | N23: Toolchain → learner Android boot + staff Web boot. | O23: P1-T008..T010 | P23: P1-T008..T010 | Q23: P1-T008..T010 | R23: P1-T008..T010
B24: Hosted CI | C24: Hosted CI | D24: Hosted CI | E24: =VLOOKUP("P1-T011",'04_CONG_VIEC'!$A$5:$F$200,6,FALSE) -> BỊ CHẶN | H24: Có remote → chạy workflow từ clean checkout. | I24: Có remote → chạy workflow từ clean checkout. | J24: Có remote → chạy workflow từ clean checkout. | K24: Có remote → chạy workflow từ clean checkout. | L24: Có remote → chạy workflow từ clean checkout. | M24: Có remote → chạy workflow từ clean checkout. | N24: Có remote → chạy workflow từ clean checkout. | O24: P1-T011 | P24: P1-T011 | Q24: P1-T011 | R24: P1-T011
B25: Clean reproduction | C25: Clean reproduction | D25: Clean reproduction | E25: =VLOOKUP("P1-T012",'04_CONG_VIEC'!$A$5:$F$200,6,FALSE) -> BỊ CHẶN | H25: Clone sạch và chạy toàn stack. | I25: Clone sạch và chạy toàn stack. | J25: Clone sạch và chạy toàn stack. | K25: Clone sạch và chạy toàn stack. | L25: Clone sạch và chạy toàn stack. | M25: Clone sạch và chạy toàn stack. | N25: Clone sạch và chạy toàn stack. | O25: P1-T012 | P25: P1-T012 | Q25: P1-T012 | R25: P1-T012
B28: THỨ TỰ NÊN LÀM | C28: THỨ TỰ NÊN LÀM | D28: THỨ TỰ NÊN LÀM | E28: THỨ TỰ NÊN LÀM | F28: THỨ TỰ NÊN LÀM | G28: THỨ TỰ NÊN LÀM | H28: THỨ TỰ NÊN LÀM | I28: THỨ TỰ NÊN LÀM | J28: THỨ TỰ NÊN LÀM | K28: THỨ TỰ NÊN LÀM | L28: THỨ TỰ NÊN LÀM | M28: THỨ TỰ NÊN LÀM | N28: THỨ TỰ NÊN LÀM | O28: THỨ TỰ NÊN LÀM | P28: THỨ TỰ NÊN LÀM | Q28: THỨ TỰ NÊN LÀM | R28: THỨ TỰ NÊN LÀM
B29: # | C29: # | D29: Việc | E29: Việc | F29: Việc | G29: Việc | H29: Việc | I29: Việc | J29: Mục tiêu | K29: Mục tiêu | L29: Mục tiêu | M29: Mục tiêu | N29: Mục tiêu | O29: Mục tiêu | P29: Mục tiêu | Q29: Mục tiêu | R29: Mục tiêu
B30: 1 | C30: 1 | D30: Import + rerun V3.2 original | E30: Import + rerun V3.2 original | F30: Import + rerun V3.2 original | G30: Import + rerun V3.2 original | H30: Import + rerun V3.2 original | I30: Import + rerun V3.2 original | J30: Đóng nguồn chuẩn Phase 0 trong canonical repo. | K30: Đóng nguồn chuẩn Phase 0 trong canonical repo. | L30: Đóng nguồn chuẩn Phase 0 trong canonical repo. | M30: Đóng nguồn chuẩn Phase 0 trong canonical repo. | N30: Đóng nguồn chuẩn Phase 0 trong canonical repo. | O30: Đóng nguồn chuẩn Phase 0 trong canonical repo. | P30: Đóng nguồn chuẩn Phase 0 trong canonical repo. | Q30: Đóng nguồn chuẩn Phase 0 trong canonical repo. | R30: Đóng nguồn chuẩn Phase 0 trong canonical repo.
B31: 2 | C31: 2 | D31: PostgreSQL + migration + DB tests | E31: PostgreSQL + migration + DB tests | F31: PostgreSQL + migration + DB tests | G31: PostgreSQL + migration + DB tests | H31: PostgreSQL + migration + DB tests | I31: PostgreSQL + migration + DB tests | J31: Đóng runtime backend quan trọng nhất. | K31: Đóng runtime backend quan trọng nhất. | L31: Đóng runtime backend quan trọng nhất. | M31: Đóng runtime backend quan trọng nhất. | N31: Đóng runtime backend quan trọng nhất. | O31: Đóng runtime backend quan trọng nhất. | P31: Đóng runtime backend quan trọng nhất. | Q31: Đóng runtime backend quan trọng nhất. | R31: Đóng runtime backend quan trọng nhất.
B32: 3 | C32: 3 | D32: API readiness + Worker | E32: API readiness + Worker | F32: API readiness + Worker | G32: API readiness + Worker | H32: API readiness + Worker | I32: API readiness + Worker | J32: Chứng minh backend foundation chạy thật. | K32: Chứng minh backend foundation chạy thật. | L32: Chứng minh backend foundation chạy thật. | M32: Chứng minh backend foundation chạy thật. | N32: Chứng minh backend foundation chạy thật. | O32: Chứng minh backend foundation chạy thật. | P32: Chứng minh backend foundation chạy thật. | Q32: Chứng minh backend foundation chạy thật. | R32: Chứng minh backend foundation chạy thật.
B33: 4 | C33: 4 | D33: Flutter learner + staff | E33: Flutter learner + staff | F33: Flutter learner + staff | G33: Flutter learner + staff | H33: Flutter learner + staff | I33: Flutter learner + staff | J33: Chứng minh Android/Web chạy thật. | K33: Chứng minh Android/Web chạy thật. | L33: Chứng minh Android/Web chạy thật. | M33: Chứng minh Android/Web chạy thật. | N33: Chứng minh Android/Web chạy thật. | O33: Chứng minh Android/Web chạy thật. | P33: Chứng minh Android/Web chạy thật. | Q33: Chứng minh Android/Web chạy thật. | R33: Chứng minh Android/Web chạy thật.
B34: 5 | C34: 5 | D34: Hosted CI | E34: Hosted CI | F34: Hosted CI | G34: Hosted CI | H34: Hosted CI | I34: Hosted CI | J34: Chứng minh clean checkout chạy được. | K34: Chứng minh clean checkout chạy được. | L34: Chứng minh clean checkout chạy được. | M34: Chứng minh clean checkout chạy được. | N34: Chứng minh clean checkout chạy được. | O34: Chứng minh clean checkout chạy được. | P34: Chứng minh clean checkout chạy được. | Q34: Chứng minh clean checkout chạy được. | R34: Chứng minh clean checkout chạy được.
B35: 6 | C35: 6 | D35: Full clean reproduction | E35: Full clean reproduction | F35: Full clean reproduction | G35: Full clean reproduction | H35: Full clean reproduction | I35: Full clean reproduction | J35: Bằng chứng cuối trước khi đóng Phase 1. | K35: Bằng chứng cuối trước khi đóng Phase 1. | L35: Bằng chứng cuối trước khi đóng Phase 1. | M35: Bằng chứng cuối trước khi đóng Phase 1. | N35: Bằng chứng cuối trước khi đóng Phase 1. | O35: Bằng chứng cuối trước khi đóng Phase 1. | P35: Bằng chứng cuối trước khi đóng Phase 1. | Q35: Bằng chứng cuối trước khi đóng Phase 1. | R35: Bằng chứng cuối trước khi đóng Phase 1.
B38: Không cập nhật trạng thái blocker bằng tay ở đây. Các ô trạng thái được lấy từ 04_CONG_VIEC để giảm lệch dữ liệu. | C38: Không cập nhật trạng thái blocker bằng tay ở đây. Các ô trạng thái được lấy từ 04_CONG_VIEC để giảm lệch dữ liệu. | D38: Không cập nhật trạng thái blocker bằng tay ở đây. Các ô trạng thái được lấy từ 04_CONG_VIEC để giảm lệch dữ liệu. | E38: Không cập nhật trạng thái blocker bằng tay ở đây. Các ô trạng thái được lấy từ 04_CONG_VIEC để giảm lệch dữ liệu. | F38: Không cập nhật trạng thái blocker bằng tay ở đây. Các ô trạng thái được lấy từ 04_CONG_VIEC để giảm lệch dữ liệu. | G38: Không cập nhật trạng thái blocker bằng tay ở đây. Các ô trạng thái được lấy từ 04_CONG_VIEC để giảm lệch dữ liệu. | H38: Không cập nhật trạng thái blocker bằng tay ở đây. Các ô trạng thái được lấy từ 04_CONG_VIEC để giảm lệch dữ liệu. | I38: Không cập nhật trạng thái blocker bằng tay ở đây. Các ô trạng thái được lấy từ 04_CONG_VIEC để giảm lệch dữ liệu. | J38: Không cập nhật trạng thái blocker bằng tay ở đây. Các ô trạng thái được lấy từ 04_CONG_VIEC để giảm lệch dữ liệu. | K38: Không cập nhật trạng thái blocker bằng tay ở đây. Các ô trạng thái được lấy từ 04_CONG_VIEC để giảm lệch dữ liệu. | L38: Không cập nhật trạng thái blocker bằng tay ở đây. Các ô trạng thái được lấy từ 04_CONG_VIEC để giảm lệch dữ liệu. | M38: Không cập nhật trạng thái blocker bằng tay ở đây. Các ô trạng thái được lấy từ 04_CONG_VIEC để giảm lệch dữ liệu. | N38: Không cập nhật trạng thái blocker bằng tay ở đây. Các ô trạng thái được lấy từ 04_CONG_VIEC để giảm lệch dữ liệu. | O38: Không cập nhật trạng thái blocker bằng tay ở đây. Các ô trạng thái được lấy từ 04_CONG_VIEC để giảm lệch dữ liệu. | P38: Không cập nhật trạng thái blocker bằng tay ở đây. Các ô trạng thái được lấy từ 04_CONG_VIEC để giảm lệch dữ liệu. | Q38: Không cập nhật trạng thái blocker bằng tay ở đây. Các ô trạng thái được lấy từ 04_CONG_VIEC để giảm lệch dữ liệu. | R38: Không cập nhật trạng thái blocker bằng tay ở đây. Các ô trạng thái được lấy từ 04_CONG_VIEC để giảm lệch dữ liệu.
B39: Không cập nhật trạng thái blocker bằng tay ở đây. Các ô trạng thái được lấy từ 04_CONG_VIEC để giảm lệch dữ liệu. | C39: Không cập nhật trạng thái blocker bằng tay ở đây. Các ô trạng thái được lấy từ 04_CONG_VIEC để giảm lệch dữ liệu. | D39: Không cập nhật trạng thái blocker bằng tay ở đây. Các ô trạng thái được lấy từ 04_CONG_VIEC để giảm lệch dữ liệu. | E39: Không cập nhật trạng thái blocker bằng tay ở đây. Các ô trạng thái được lấy từ 04_CONG_VIEC để giảm lệch dữ liệu. | F39: Không cập nhật trạng thái blocker bằng tay ở đây. Các ô trạng thái được lấy từ 04_CONG_VIEC để giảm lệch dữ liệu. | G39: Không cập nhật trạng thái blocker bằng tay ở đây. Các ô trạng thái được lấy từ 04_CONG_VIEC để giảm lệch dữ liệu. | H39: Không cập nhật trạng thái blocker bằng tay ở đây. Các ô trạng thái được lấy từ 04_CONG_VIEC để giảm lệch dữ liệu. | I39: Không cập nhật trạng thái blocker bằng tay ở đây. Các ô trạng thái được lấy từ 04_CONG_VIEC để giảm lệch dữ liệu. | J39: Không cập nhật trạng thái blocker bằng tay ở đây. Các ô trạng thái được lấy từ 04_CONG_VIEC để giảm lệch dữ liệu. | K39: Không cập nhật trạng thái blocker bằng tay ở đây. Các ô trạng thái được lấy từ 04_CONG_VIEC để giảm lệch dữ liệu. | L39: Không cập nhật trạng thái blocker bằng tay ở đây. Các ô trạng thái được lấy từ 04_CONG_VIEC để giảm lệch dữ liệu. | M39: Không cập nhật trạng thái blocker bằng tay ở đây. Các ô trạng thái được lấy từ 04_CONG_VIEC để giảm lệch dữ liệu. | N39: Không cập nhật trạng thái blocker bằng tay ở đây. Các ô trạng thái được lấy từ 04_CONG_VIEC để giảm lệch dữ liệu. | O39: Không cập nhật trạng thái blocker bằng tay ở đây. Các ô trạng thái được lấy từ 04_CONG_VIEC để giảm lệch dữ liệu. | P39: Không cập nhật trạng thái blocker bằng tay ở đây. Các ô trạng thái được lấy từ 04_CONG_VIEC để giảm lệch dữ liệu. | Q39: Không cập nhật trạng thái blocker bằng tay ở đây. Các ô trạng thái được lấy từ 04_CONG_VIEC để giảm lệch dữ liệu. | R39: Không cập nhật trạng thái blocker bằng tay ở đây. Các ô trạng thái được lấy từ 04_CONG_VIEC để giảm lệch dữ liệu.

Sheet 02_SAN_PHAM
A1: SẢN PHẨM MINGO — NGHIỆP VỤ & LUẬT HỆ THỐNG
A2: Đọc sheet này trước khi code nghiệp vụ. Từ kỹ thuật được giữ trong ngoặc khi cần, nhưng ưu tiên diễn đạt dễ hiểu bằng tiếng Việt.
A4: TÓM TẮT 4 ĐIỀU CẦN NHỚ
A5: 1 | B5: Mingo học theo bằng chứng | C5: Không biến streak/click/skip thành mastery.
A6: 2 | B6: Máy chủ là nguồn quyết định chính | C6: Client gửi hành động/dữ liệu quan sát; server quyết định điểm, tiến độ, quyền.
A7: 3 | B7: Offline không được tạo dữ liệu trùng | C7: Command và telemetry tách riêng; retry phải idempotent.
A8: 4 | B8: ML là lớp tăng cường | C8: Không có ML/recommendation thì sản phẩm vẫn phải học được.
A10: 1. MINGO LÀ GÌ?
A11: Mingo là nền tảng học ngôn ngữ thích ứng, khởi đầu với tiếng Anh. Người học đi qua các chu kỳ học ngắn (Learning Cycle) có mục tiêu học rõ ràng, hoạt động tự nhớ/truy xuất (Retrieval), phản hồi và bài kiểm tra độc lập (Check). Hệ thống lưu bằng chứng học tập theo thời gian, hỗ trợ offline, và chỉ sau khi dữ liệu sản phẩm đủ đáng tin mới bổ sung Learning Intelligence → Risk Prediction → Recommendation/Intervention. Mingo phải vẫn hoạt động được khi ML/recommendation bị tắt.
A15: 2. LUỒNG LEARNER CỐT LÕI
A16: Bước | B16: Nghiệp vụ | C16: Hệ thống làm gì
A17: 1 | B17: Mở app | C17: Người học vào Mingo; có thể chọn mục tiêu cá nhân.
A18: 2 | B18: Placement ngắn hoặc bỏ qua | C18: Tạo trạng thái bắt đầu tạm thời (provisional); không ép placement dài.
A19: 3 | B19: Chọn mục tiêu học / chu kỳ học | C19: Backend chọn nội dung đủ điều kiện theo curriculum, review, focus và prerequisite.
A20: 4 | B20: Review | C20: Ôn đúng thứ cần ôn; không tạo infinite scroll.
A21: 5 | B21: Learn | C21: Giải thích/ngữ cảnh ngắn phù hợp Vocabulary, Grammar hoặc Listening.
A22: 6 | B22: Retrieve | C22: Người học phải tự nhớ/trả lời; đây là bằng chứng quan trọng.
A23: 7 | B23: Transfer | C23: Dùng kiến thức trong ngữ cảnh khác.
A24: 8 | B24: Check | C24: Bài kiểm tra độc lập; server là nguồn quyết định điểm chính.
A25: 9 | B25: Feedback + lưu evidence | C25: Giữ đúng first response, retry, hint, skip và điều kiện assessment.
A26: 10 | B26: Kết thúc cycle | C26: Có điểm dừng rõ; người học chọn tiếp tục hoặc dừng.
A27: 11 | B27: Tích lũy theo thời gian | C27: Review scheduler và analytics tích lũy; intelligence/risk/recommendation đến ở phase sau.
A30: 3. NHỮNG LUẬT RẤT DỄ LÀM SAI
A31: Chủ đề | B31: Luật dễ hiểu
A32: First response | B32: Câu trả lời đầu tiên phải được giữ. Retry đúng sau đó không biến lịch sử thành 'đúng ngay từ đầu'.
A33: Hint | B33: Đúng sau hint = đúng có hỗ trợ (assisted), không phải đúng độc lập (unaided).
A34: Skip | B34: Skip được ghi lại nhưng KHÔNG phải completion, mastery hay progress.
A35: Check | B35: Bài kiểm tra độc lập; không có hint trước khi submit.
A36: Audio replay | B36: Telemetry ở client không chứng minh chắc chắn người dùng đã nghe bao nhiêu lần và không tự quyết điểm chuẩn.
A37: Content revision | B37: Nội dung đã publish là bất biến; muốn sửa phải tạo revision mới.
A38: Attempt | B38: Attempt phải pin đúng revision mà learner đã thấy lúc làm.
A39: Offline | B39: Business command và telemetry đi hai luồng riêng; retry không được tạo progress hai lần.
A40: Mastery / Risk | B40: Mastery và Risk là hai khái niệm khác nhau.
A41: Recommendation | B41: Prediction ≠ Decision ≠ Exposure ≠ Execution ≠ Outcome.
A42: ML OFF | B42: Khi ML/recommendation bị tắt, curriculum + review fallback vẫn phải tạo được chu kỳ học hợp lệ.
A45: 4. ĐÃ CHỐT — KHÔNG TỰ Ý SỬA
A46: Chủ đề | B46: Nội dung đã chốt
A47: V3.2 | B47: V3.2.0 completed baseline là source of truth của Phase 0.
A48: Stack | B48: Flutter Android-first cho learner; Flutter Web cho staff; FastAPI/Python; PostgreSQL; Object Storage.
A49: Architecture | B49: Modular monolith; API process + durable worker dùng cùng codebase.
A50: Authority | B50: Máy chủ quyết định canonical scoring, progress và permission.
A51: Offline | B51: Command queue tách telemetry queue.
A52: Content | B52: Published content immutable/versioned; attempt/enrollment pin exact revision.
A53: Analytics time | B53: Phân biệt event time và knowledge/availability/source capture.
A54: Mastery / Risk | B54: Mastery khác Risk.
A55: Recommendation | B55: Risk chỉ là input tùy chọn; ML/recommendation OFF thì app vẫn học được.
A56: Lifecycle | B56: Prediction / Decision / Exposure / Execution / Outcome tách riêng.
A57: Hạ tầng | B57: Không Kafka/Kubernetes/microservices/warehouse/external feature store nếu chưa có requirement/load thật.
... A60: ML production | B60: OULAD/UCI chỉ là research baseline; production model phải đánh giá bằng product data.
A63: 5. CHƯA CHỐT CUỐI — ĐÂY LÀ HYPOTHESIS/POLICY CÓ THỂ THAY ĐỔI
A64: Chủ đề | B64: Ý nghĩa
A65: Tên Mingo | B65: Đang là working name; chưa freeze final brand.
A66: ~5 phút / cycle | B66: UX hypothesis; có thể đổi sau đo/pilot.
A67: 1 retry | B67: Retry count là hypothesis; việc giữ first response là nguyên tắc mạnh hơn.
A68: 2 lần nghe trong Check | B68: Hypothesis; server authority mới là invariant.
A69: Placement 6–9 câu | B69: Thiết kế provisional; không phải CEFR cut score cuối.
A70: Step-up threshold | B70: 2 evidence + 1 Check + max 1 challenge là policy hypothesis.
A71: Final mastery formula | B71: Chờ Phase 9 — Learning Intelligence.
A72: Final risk label/model/weights | B72: Chờ Phase 10 + product data.
A73: Recommendation ranking weights | B73: Chờ Phase 11.
A76: 6. V3.2 LÀ GÌ?
A77: Thông tin | B77: Giá trị
A78: Tên package | B78: ADAPTIVE_LANGUAGE_LEARNING_BASELINE_COMPLETED.zip
A79: Version | B79: 3.2.0
A80: Vai trò | B80: Canonical Phase 0 architecture/contract baseline
A81: Trạng thái gốc | B81: Completed architecture and contract baseline; GO for core implementation; application runtime not validated
A82: Kết quả contract trong package | B82: 115 PASS / 0 FAIL
A83: Kết quả SQL trong package | B83: 22 PASS / 0 FAIL
A84: Completed package SHA-256 | B84: 1b4c9c10afad5245517d2593e5bbd98c7f233fc662c221ee8332cc386c83fe0a
A85: V3 source archive SHA-256 | B85: 7d46d057fab627d442a62aa5f33fbe9e63216ebbd6b04dc041e4505a7e4b6f55
A86: Hiện tại trong Mingo | B86: Original đã TÌM THẤY; canonical import/rerun vẫn đang chờ.
A87: V3.2 chứng minh | B87: Architecture/contracts/schemas/DDL/API/protocol invariants được định nghĩa và packaged verification đã pass.
A88: V3.2 chưa chứng minh | B88: FastAPI runtime thật, native PostgreSQL concurrency, Flutter device, hosted CI, production security/scale.
A89: Cách dùng | B89: Coder implement theo exact V3.2. Nếu phát hiện blocking defect thật → Issue/Change Request; không tự sửa business rule.

Sheet 03_ROADMAP
A1: MINGO — ROADMAP PHASE 0 → 17
A2: Status Phase 1 được lấy từ 04_CONG_VIEC. Checklist Phase 1 bên dưới cũng đọc trực tiếp trạng thái từng task để không phải cập nhật hai nơi.
A4: Phase | B4: Tên phase | C4: Mục tiêu | D4: Phải đạt trước khi đóng | E4: Trạng thái | F4: Ghi chú hiện tại
A5: 0 | B5: Kiến trúc & Hợp đồng hệ thống | C5: Chốt luật kiến trúc/contracts trước khi code. | D5: V3.2.0 + packaged 115 contract + 22 SQL evidence. | E5: XONG | F5: Phase 0 hoàn tất.
A6: 1 | B6: Nền tảng triển khai | C6: Dựng backend/DB/worker/Flutter shells/CI và chứng minh runtime. | D6: V3.2 rerun + DB/worker + Flutter + CI + clean reproduction. | E6: =IF(COUNTIFS('04_CONG_VIEC'!$B$5:$B$200,"P1",'04_CONG_VIEC'!$F$5:$F$200,"<>XONG")=0,"XONG","ĐANG LÀM") -> ĐANG LÀM | F6: Gate chưa pass.
A7: 2 | B7: Hệ thống UX/UI sản phẩm | C7: Thiết kế user journey, IA, design system, screen specs. | D7: UX system được duyệt và trace tới PRD. | E7: TẠM HOÃN | F7: Chỉ đủ điều kiện khi Phase 1 PASS.
A8: 3 | B8: Tài khoản, đăng nhập & phân quyền | C8: Login/session/role/permission thật ở server. | D8: Authz/security tests pass. | E8: TẠM HOÃN
A9: 4 | B9: Nền tảng nội dung & xuất bản | C9: Author/review/license/publish/versioned content. | D9: Publishing + provenance + immutable revisions. | E9: TẠM HOÃN
A10: 5 | B10: Lõi học tập & đánh giá | C10: Objectives, attempts, Check, progress, review, placement. | D10: Learning business rules chạy đúng. | E10: TẠM HOÃN
A11: 6 | B11: Offline-first & đồng bộ | C11: Học khi mất mạng; replay/idempotency/reconciliation. | D11: Offline adversarial tests pass. | E11: TẠM HOÃN
A12: 7 | B12: Worker bền vững & xử lý nền | C12: Jobs/retry/fencing/scheduling/projections. | D12: Worker failure/race tests pass. | E12: TẠM HOÃN
A13: 8 | B13: Phân tích học tập & dữ liệu | C13: Event model, point-in-time, source capture, projections. | D13: No leakage + telemetry quality. | E13: TẠM HOÃN
A14: 9 | B14: Learning Intelligence | C14: Mastery/knowledge state/adaptive path dựa product evidence. | D14: Evaluation contract + fallback. | E14: TẠM HOÃN | F14: Không freeze final mastery trước phase này.
A15: 10 | B15: Production ML / Dự đoán rủi ro sớm | C15: Risk prediction dùng product data. | D15: Validated target/horizon/model; no leakage. | E15: TẠM HOÃN
A16: 11 | B16: Khuyến nghị & can thiệp | C16: Decision/reason/exposure/execution/outcome. | D16: Auditable recommendation + fallback. | E16: TẠM HOÃN
A17: 12 | B17: Sản phẩm cho Instructor / Advisor / Admin | C17: Staff workflows hoàn chỉnh. | D17: Permissioned staff product. | E17: TẠM HOÃN
A18: 13 | B18: Gia cố QA / Bảo mật / Privacy / Hiệu năng | C18: Security/privacy/performance/backup/observability. | D18: Production hardening gate. | E18: TẠM HOÃN
A19: 14 | B19: Internal Alpha | C19: Đội nội bộ dùng end-to-end. | D19: Critical flows ổn định. | E19: TẠM HOÃN
A20: 15 | B20: Closed Beta / Pilot | C20: Nhóm user nhỏ dùng thật (~5 theo nguồn lực). | D20: Usability/trust/reliability evidence. | E20: TẠM HOÃN | F20: Không claim causal efficacy.
A21: 16 | B21: Production Launch | C21: Public release có rollback/monitoring/support. | D21: Launch readiness pass. | E21: TẠM HOÃN
A22: 17 | B22: Growth / Experimentation / Continuous Learning | C22: Experiment, content growth, model/policy improvement. | D22: Continuous measurement/governance. | E22: TẠM HOÃN
A25: PHASE 1 — CHECKLIST ĐỒNG BỘ TỪ TASK
A26: # | B26: Nhóm | C26: Việc cần làm | D26: PASS khi | E26: Task nguồn | F26: Trạng thái | G26: Phụ thuộc
A27: 1 | B27: V3.2 | C27: Import exact original V3.2 completed package vào repo + provenance. | D27: Exact package giữ nguyên; hash/provenance rõ. | E27: P1-T001 | F27: =VLOOKUP("P1-T001",'04_CONG_VIEC'!$A$5:$F$200,6,FALSE) -> ĐANG LÀM
A28: 2 | B28: V3.2 | C28: Rerun original contract suite. | D28: 115/115 PASS. | E28: P1-T002 | F28: =VLOOKUP("P1-T002",'04_CONG_VIEC'!$A$5:$F$200,6,FALSE) -> CHỜ | G28: Bước 1
A29: 3 | B29: V3.2 | C29: Rerun original SQL suite. | D29: 22/22 PASS. | E29: P1-T003 | F29: =VLOOKUP("P1-T003",'04_CONG_VIEC'!$A$5:$F$200,6,FALSE) -> CHỜ | G29: Bước 1
A30: 4 | B30: Python | C30: Rerun backend bằng Python 3.12 canonical. | D30: Install/Ruff/tests/API smoke PASS. | E30: P1-T004 | F30: =VLOOKUP("P1-T004",'04_CONG_VIEC'!$A$5:$F$200,6,FALSE) -> CHỜ
A31: 5 | B31: PostgreSQL | C31: Có DB chính mingo + mingo_test + role mingo_app. | D31: Kết nối an toàn; không commit secret. | E31: P1-T005 | F31: =VLOOKUP("P1-T005",'04_CONG_VIEC'!$A$5:$F$200,6,FALSE) -> BỊ CHẶN
A32: 6 | B32: PostgreSQL | C32: Run migration + 6 integration/concurrency tests. | D32: 6 PASS / 0 fail / 0 skip. | E32: P1-T006 | F32: =VLOOKUP("P1-T006",'04_CONG_VIEC'!$A$5:$F$200,6,FALSE) -> BỊ CHẶN | G32: Bước 5
A33: 7 | B33: API/Worker | C33: Boot API + worker với DB khỏe. | D33: live=200, ready=200, worker probe PASS. | E33: P1-T007 | F33: =VLOOKUP("P1-T007",'04_CONG_VIEC'!$A$5:$F$200,6,FALSE) -> BỊ CHẶN | G33: Bước 6
A34: 8 | B34: Flutter | C34: Install Flutter 3.32.8 + Android tooling. | D34: flutter doctor đủ điều kiện learner. | E34: P1-T008 | F34: =VLOOKUP("P1-T008",'04_CONG_VIEC'!$A$5:$F$200,6,FALSE) -> BỊ CHẶN
A35: 9 | B35: Flutter learner | C35: Analyze/test/build + actual Android boot. | D35: App mở thật trên emulator/device. | E35: P1-T009 | F35: =VLOOKUP("P1-T009",'04_CONG_VIEC'!$A$5:$F$200,6,FALSE) -> BỊ CHẶN | G35: Bước 8
A36: 10 | B36: Flutter staff | C36: Analyze/test/build + actual Web boot. | D36: Web app mở thật. | E36: P1-T010 | F36: =VLOOKUP("P1-T010",'04_CONG_VIEC'!$A$5:$F$200,6,FALSE) -> BỊ CHẶN | G36: Bước 8
A37: 11 | B37: CI | C37: Hosted remote + workflow clean checkout. | D37: Backend + Flutter + V3.2 jobs xanh. | E37: P1-T011 | F37: =VLOOKUP("P1-T011",'04_CONG_VIEC'!$A$5:$F$200,6,FALSE) -> BỊ CHẶN
A38: 12 | B38: Clean reproduce | C38: Clone sạch và rerun full stack. | D38: Không dựa cache/local hidden state. | E38: P1-T012 | F38: =VLOOKUP("P1-T012",'04_CONG_VIEC'!$A$5:$F$200,6,FALSE) -> BỊ CHẶN | G38: Bước 1–11

Sheet 04_CONG_VIEC
A1: CÔNG VIỆC TEAM — NGUỒN TRẠNG THÁI HẰNG NGÀY
A2: Đây là sheet team cập nhật thường xuyên. Không sửa mô tả công việc gốc chỉ để báo tiến độ; hãy cập nhật Trạng thái, Phụ trách, Người kiểm tra, Hạn, Việc tiếp theo, Bằng chứng và Ghi chú.
A4: Task ID | B4: Phase | C4: Nhóm | D4: Công việc | E4: Ưu tiên | F4: Trạng thái | G4: Phụ trách | H4: Người kiểm tra | I4: Hạn hoàn thành | J4: Cập nhật cuối | K4: Phụ thuộc | L4: Việc tiếp theo | M4: Bằng chứng | N4: Ghi chú team
A5: P1-T001 | B5: P1 | C5: V3.2 | D5: Import V3.2 original vào canonical repo | E5: P0 | F5: ĐANG LÀM | J5: 46292 | L5: Giữ byte-exact + provenance | N5: Original package đã tìm thấy.
A6: P1-T002 | B6: P1 | C6: V3.2 | D6: Rerun 115 contract checks | E6: P0 | F6: CHỜ | J6: 46292 | K6: P1-T001 | L6: Run exact validator
A7: P1-T003 | B7: P1 | C7: V3.2 | D7: Rerun 22 SQL checks | E7: P0 | F7: CHỜ | J7: 46292 | K7: P1-T001 | L7: Run exact SQL suite
A8: P1-T004 | B8: P1 | C8: Backend | D8: Python 3.12 full backend verification | E8: P0 | F8: CHỜ | J8: 46292 | L8: Install/verify Python 3.12 + rerun | N8: 3.14.7 result kept as compatibility evidence only.
A9: P1-T005 | B9: P1 | C9: Database | D9: Provision/access mingo + mingo_test | E9: P0 | F9: BỊ CHẶN | J9: 46292 | L9: Cần PostgreSQL authenticated role/session | N9: Không lưu password trong workbook.
A10: P1-T006 | B10: P1 | C10: Database | D10: Migration + six DB tests | E10: P0 | F10: BỊ CHẶN | J10: 46292 | K10: P1-T005 | L10: Run migrations + DB suite on mingo_test
A11: P1-T007 | B11: P1 | C11: API/Worker | D11: ready=200 + worker probe | E11: P0 | F11: BỊ CHẶN | J11: 46292 | K11: P1-T006 | L11: Boot API/worker và lưu log/HTTP evidence
A12: P1-T008 | B12: P1 | C12: Flutter | D12: Install pinned Flutter 3.32.8 + Android tooling | E12: P0 | F12: BỊ CHẶN | J12: 46292 | L12: Install toolchain + flutter doctor
A13: P1-T009 | B13: P1 | C13: Flutter learner | D13: Analyze/test/build + actual Android boot | E13: P0 | F13: BỊ CHẶN | J13: 46292 | K13: P1-T008 | L13: Run trên emulator/device; lưu bằng chứng
A14: P1-T010 | B14: P1 | C14: Flutter staff | D14: Analyze/test/build + actual Web boot | E14: P0 | F14: BỊ CHẶN | J14: 46292 | K14: P1-T008 | L14: Run Chrome; lưu bằng chứng
A15: P1-T011 | B15: P1 | C15: CI | D15: Hosted CI green | E15: P0 | F15: BỊ CHẶN | J15: 46292 | L15: Cần hosted Git remote; push main và chạy workflow
A16: P1-T012 | B16: P1 | C16: QA | D16: Full clean reproduction | E16: P0 | F16: BỊ CHẶN | J16: 46292 | K16: P1-T001..P1-T011 | L16: Fresh clone; không dùng cache/local hidden state
A17: P2-T001 | B17: P2 | C17: UX/UI | D17: Chỉ lập Phase 2 contract sau khi Phase 1 PASS | E17: P1 | F17: TẠM HOÃN | J17: 46292 | K17: Phase 1 XONG | L17: Không start implementation sớm
A20: Cách cập nhật: 1) chọn Trạng thái → 2) điền Phụ trách/Người kiểm tra → 3) ghi Việc tiếp theo → 4) khi XONG phải điền Bằng chứng → 5) cập nhật ngày Cập nhật cuối.

Sheet 05_VAN_DE_THAY_DOI
A1: VẤN ĐỀ / ĐỀ NGHỊ THAY ĐỔI / GHI CHÚ
A2: Phân biệt rõ: VẤN ĐỀ = lỗi/blocker kỹ thuật; ĐỀ NGHỊ THAY ĐỔI = muốn đổi nội dung đã chốt; GHI CHÚ = thảo luận/action bình thường.
A4: A. VẤN ĐỀ (ISSUE)
A5: ID | B5: Tên vấn đề | C5: Mô tả | D5: Trạng thái | E5: Ưu tiên | F5: Phụ trách | G5: Task liên quan | H5: Cách xử lý | I5: Bằng chứng / Commit | J5: Cập nhật cuối
A6: II-01 | B6: V3.2 original | C6: Original package đã tìm được nhưng chưa import/rerun trong canonical repo. | D6: TÌM THẤY / CHỜ CHẠY LẠI | E6: P0 | G6: P1-T001..T003 | H6: Import exact package + rerun 115+22. | J6: 46292
A7: II-02 | B7: Hypothesis vs rule đã chốt | C7: MVP learning hypothesis có thể bị hiểu nhầm thành architecture/scoring invariant. | D7: MỞ | E7: P1 | H7: Giữ phân loại rõ ở 02_SAN_PHAM; thay rule nền tảng phải có CR. | J7: 46292
A8: II-03 | B8: Listening replay authority | C8: Client playback telemetry không chứng minh true listen/canonical score. | D8: MỞ | E8: P1 | H8: Map exact V3.2 contract; giữ server authority. | J8: 46292
A9: II-04 | B9: PostgreSQL runtime | C9: DB tests/migrations/worker/readiness chưa proven. | D9: BỊ CHẶN | E9: P0 | G9: P1-T005..T007 | H9: Có DB access rồi chạy runtime verification. | J9: 46292
A10: II-05 | B10: Flutter runtime | C10: Chưa có toolchain/actual boot evidence. | D10: BỊ CHẶN | E10: P0 | G10: P1-T008..T010 | H10: Install pinned Flutter/Android + run. | J10: 46292
A11: II-06 | B11: Hosted CI | C11: Chưa có hosted remote/run evidence. | D11: BỊ CHẶN | E11: P0 | G11: P1-T011 | H11: Configure remote and run workflow. | J11: 46292
A12: II-07 | B12: Old package layout mismatch | C12: Source/full-pack path mismatch trong handoff cũ. | D12: ĐÃ GIẢI QUYẾT | E12: P2 | H12: Canonical layout/provenance đã xử lý. | I12: fc6e40e | J12: 46289
A13: II-08 | B13: Detached HEAD bundle | C13: Bundle cũ clone ra detached HEAD. | D13: ĐÃ GIẢI QUYẾT | E13: P2 | H13: Canonical named main bundle đã xử lý. | I13: fc6e40e | J13: 46289
A14: II-09 | B14: Windows object storage | C14: Windows path/fsync portability issue. | D14: ĐÃ GIẢI QUYẾT | E14: P1 | H14: Fix + rerun evidence. | I14: 51b741e | J14: 46291
A17: B. ĐỀ NGHỊ THAY ĐỔI (CHANGE REQUEST) — chỉ dùng khi muốn đổi nội dung ĐÃ CHỐT
A18: CR ID | B18: Ngày | C18: Người đề nghị | D18: Nội dung muốn đổi | E18: Lý do | F18: Ảnh hưởng | G18: Kế hoạch test/migration | H18: Trạng thái | I18: Người duyệt
A26: C. GHI CHÚ / ACTION
A27: Note ID | B27: Ngày | C27: Phase | D27: Chủ đề | E27: Nội dung | F27: Việc cần làm | G27: Phụ trách | H27: Hạn | I27: Trạng thái | J27: Liên kết
A28: NOTE-001 | B28: 46291 | C28: P1 | D28: V3.2 | E28: Original completed package đã được cung cấp sau khi trước đó repo không có. | F28: Import/rerun original suites. | I28: ĐANG LÀM | J28: P1-T001 / II-01
A29: NOTE-002 | B29: 46291 | C29: P1 | D29: Database | E29: Không chia DB theo phase. | F29: Dùng mingo + mingo_test + role mingo_app. | I29: ĐANG LÀM | J29: Database decision

Sheet 06_BANG_CHUNG
A1: BẰNG CHỨNG TEST / RUNTIME / CI
A2: PASS LỊCH SỬ = kết quả có trong package cũ. PASS = đã có bằng chứng trong phạm vi hiện tại. CHỜ CHẠY = cần rerun. BỊ CHẶN = chưa thể chạy vì dependency.
A4: ID | B4: Khu vực | C4: Kiểm tra | D4: Kết quả quan sát | E4: Trạng thái | F4: Ngày | G4: Nguồn | H4: Phạm vi / Giới hạn
A5: E01 | B5: V3.2 | C5: Package provenance | D5: Exact completed package + hash lineage đã tìm thấy. | E5: PASS | F5: 46291 | G5: Artifact audit | H5: Phase 0 provenance.
A6: E02 | B6: V3.2 | C6: Contract packaged validation | D6: 115 PASS / 0 FAIL trong original package. | E6: PASS LỊCH SỬ | F6: 46280 | G6: V3.2 package | H6: Không đồng nghĩa đã rerun trong canonical Mingo.
A7: E03 | B7: V3.2 | C7: SQL packaged validation | D7: 22 PASS / 0 FAIL trong original package. | E7: PASS LỊCH SỬ | F7: 46280 | G7: V3.2 package | H7: PGlite packaged evidence; native concurrency là gate khác.
A8: E04 | B8: V3.2 | C8: Canonical contract rerun | D8: Chưa chạy exact 115 checks trong canonical Mingo. | E8: CHỜ CHẠY | F8: 46292 | G8: P1-T002 | H8: Cần import original + requirements.
A9: E05 | B9: V3.2 | C9: Canonical SQL rerun | D9: Chưa chạy exact 22 SQL checks trong canonical Mingo. | E9: CHỜ CHẠY | F9: 46292 | G9: P1-T003 | H9: Cần import original + npm setup.
A10: E06 | B10: Backend | C10: Windows focused verification | D10: Locked install + Ruff + 9 tests pass. | E10: PASS | F10: 46291 | G10: Mingo evidence | H10: 6 DB + 1 symlink skipped; final Python 3.12 rerun pending.
A11: E07 | B11: API | C11: Liveness | D11: HTTP 200. | E11: PASS | F11: 46291 | G11: Mingo evidence | H11: API process boot proven.
A12: E08 | B12: API | C12: Readiness | D12: HTTP 503 khi chưa có DB. | E12: BỊ CHẶN | F12: 46291 | G12: Mingo evidence | H12: Phải trở thành 200 khi DB healthy.
A13: E09 | B13: Clean clone | C13: Backend-only | D13: Backend clean clone verification pass. | E13: PASS | F13: 46291 | G13: 51b741e | H13: Không phải full-stack reproduction.
A14: E10 | B14: PostgreSQL | C14: 6 integration/concurrency tests | D14: Chưa chạy trên disposable test DB thật. | E14: BỊ CHẶN | F14: 46292 | G14: P1-T006 | H14: Cần mingo_test.
A15: E11 | B15: Worker | C15: DB probe/runtime | D15: Chưa proven. | E15: BỊ CHẶN | F15: 46292 | G15: P1-T007 | H15: Cần DB.
A16: E12 | B16: Flutter learner | C16: Analyze/test/build/Android boot | D16: Chưa chạy. | E16: BỊ CHẶN | F16: 46292 | G16: P1-T009 | H16: Toolchain chưa có.
... A19: E15 | B19: Clean reproduce | C19: Full stack | D19: Chưa verify. | E19: BỊ CHẶN | F19: 46292 | G19: P1-T012 | H19: Cần các gate trước.
